,x,z
0,0.9,0.0
1,0.9,0.0
2,0.9,0.0
3,0.9,0.0
4,0.9,0.0
5,0.9,0.0
6,0.9,0.0
7,0.9,0.0
8,0.9,0.0
9,0.9,0.0
10,0.9,0.0
11,0.9,0.0
12,0.9,0.0
13,0.9,0.0
14,0.9,0.0
15,0.9,0.0
16,0.9,0.0
17,0.9,0.0
18,0.9,0.0
19,0.9,0.0
20,0.9,0.0
21,0.9,0.0
22,0.9,0.0
23,0.9,0.0
24,0.9,0.0
25,0.9,0.0
26,0.9,0.0
27,0.9,0.0
28,0.9,0.0
29,0.9,0.0
30,0.9,0.0
31,0.9,0.0
32,0.9,0.0
33,0.9,0.0
34,0.9,0.0
35,0.9,0.0
36,0.9,0.0
37,0.9,0.0
38,0.9,0.0
39,0.9,0.0
40,0.9,0.0
41,0.9,0.0
42,0.9,0.0
43,0.9,0.0
44,0.9,0.0
45,0.9,0.0
46,0.9,0.0
47,0.9,0.0
48,0.9,0.0
49,0.9,0.0
50,0.9,0.0
51,0.9,0.0
52,0.9,0.0
53,0.9,0.0
54,0.9,0.0
55,0.9,0.0
56,0.9,0.0
57,0.9,0.0
58,0.9,0.0
59,0.9,0.0
60,0.9,0.0
61,0.9,0.0
62,0.9,0.0
63,0.9,0.0
64,0.9,0.0
65,0.9,0.0
66,0.9,0.0
67,0.9,0.0
68,0.9,0.0
69,0.9,0.0
70,0.9,0.0
71,0.9,0.0
72,0.9,0.0
73,0.9,0.0
74,0.9,0.0
75,0.9,0.0
76,0.9,0.0
77,0.9,0.0
78,0.9,0.0
79,0.9,0.0
80,0.9,0.0
81,0.9,0.0
82,0.9,0.0
83,0.9,0.0
84,0.9,0.0
85,0.9,0.0
86,0.9,0.0
87,0.9,0.0
88,0.9,0.0
89,0.9,0.0
90,0.9,0.0
91,0.9,0.0
92,0.9,0.0
93,0.9,0.0
94,0.9,0.0
95,0.9,0.0
96,0.9,0.0
97,0.9,0.0
98,0.9,0.0
99,0.9,0.0
100,0.9,0.0
101,0.9,0.0
102,0.9,0.0
103,0.9,0.0
104,0.9,0.0
105,0.9,0.0
106,0.9,0.0
107,0.9,0.0
108,0.9,0.0
109,0.9,0.0
110,0.9,0.0
111,0.9,0.0
112,0.9,0.0
113,0.9,0.0
114,0.9,0.0
115,0.9,0.0
116,0.9,0.0
117,0.9,0.0
118,0.9,0.0
119,0.9,0.0
120,0.9,0.0
121,0.9,0.0
122,0.9,0.0
123,0.9,0.0
124,0.9,0.0
125,0.9,0.0
126,0.9,0.0
127,0.9,0.0
128,0.9,0.0
129,0.9,0.0
130,0.9,0.0
131,0.9,0.0
132,0.9,0.0
133,0.9,0.0
134,0.9,0.0
135,0.9,0.0
136,0.9,0.0
137,0.9,0.0
138,0.9,0.0
139,0.9,0.0
140,0.9,0.0
141,0.9,0.0
142,0.9,0.0
143,0.9,0.0
144,0.9,0.0
145,0.9,0.0
146,0.9,0.0
147,0.9,0.0
148,0.9,0.0
149,0.9,0.0
150,0.9,0.0
151,0.9,0.0
152,0.9,0.0
153,0.9,0.0
154,0.9,0.0
155,0.9,0.0
156,0.9,0.0
157,0.9,0.0
158,0.9,0.0
159,0.9,0.0
160,0.9,0.0
161,0.9,0.0
162,0.9,0.0
163,0.9,0.0
164,0.9,0.0
165,0.9,0.0
166,0.9,0.0
167,0.9,0.0
168,0.9,0.0
169,0.9,0.0
170,0.9,0.0
171,0.9,0.0
172,0.9,0.0
173,0.9,0.0
174,0.9,0.0
175,0.9,0.0
176,0.9,0.0
177,0.9,0.0
178,0.9,0.0
179,0.9,0.0
180,0.9,0.0
181,0.9,0.0
182,0.9,0.0
183,0.9,0.0
184,0.9,0.0
185,0.9,0.0
186,0.9,0.0
187,0.9,0.0
188,0.9,0.0
189,0.9,0.0
190,0.9,0.0
191,0.9,0.0
192,0.9,0.0
193,0.9,0.0
194,0.9,0.0
195,0.9,0.0
196,0.9,0.0
197,0.9,0.0
198,0.9,0.0
199,0.9,0.0
200,0.9,0.0
201,0.9,0.0
202,0.9,0.0
203,0.9,0.0
204,0.9,0.0
205,0.9,0.0
206,0.9,0.0
207,0.9,0.0
208,0.9,0.0
209,0.9,0.0
210,0.9,0.0
211,0.9,0.0
212,0.9,0.0
213,0.9,0.0
214,0.9,0.0
215,0.9,0.0
216,0.9,0.0
217,0.9,0.0
218,0.9,0.0
219,0.9,0.0
220,0.9,0.0
221,0.9,0.0
222,0.9,0.0
223,0.9,0.0
224,0.9,0.0
225,0.9,0.0
226,0.9,0.0
227,0.9,0.0
228,0.9,0.0
229,0.9,0.0
230,0.9,0.0
231,0.9,0.0
232,0.9,0.0
233,0.9,0.0
234,0.9,0.0
235,0.9,0.0
236,0.9,0.0
237,0.9,0.0
238,0.9,0.0
239,0.9,0.0
240,0.9,0.0
241,0.9,0.0
242,0.9,0.0
243,0.9,0.0
244,0.9,0.0
245,0.9,0.0
246,0.9,0.0
247,0.9,0.0
248,0.9,0.0
249,0.9,0.0
250,0.9,0.0
251,0.9,0.0
252,0.9,0.0
253,0.9,0.0
254,0.9,0.0
255,0.9,0.0
256,0.9,0.0
257,0.9,0.0
258,0.9,0.0
259,0.9,0.0
260,0.9,0.0
261,0.9,0.0
262,0.9,0.0
263,0.9,0.0
264,0.9,0.0
265,0.9,0.0
266,0.9,0.0
267,0.9,0.0
268,0.9,0.0
269,0.9,0.0
270,0.9,0.0
271,0.9,0.0
272,0.9,0.0
273,0.9,0.0
274,0.9,0.0
275,0.9,0.0
276,0.9,0.0
277,0.9,0.0
278,0.9,0.0
279,0.9,0.0
280,0.9,0.0
281,0.9,0.0
282,0.9,0.0
283,0.9,0.0
284,0.9,0.0
285,0.9,0.0
286,0.9,0.0
287,0.9,0.0
288,0.9,0.0
289,0.9,0.0
290,0.9,0.0
291,0.9,0.0
292,0.9,0.0
293,0.9,0.0
294,0.9,0.0
295,0.9,0.0
296,0.9,0.0
297,0.9,0.0
298,0.9,0.0
299,0.9,0.0
300,0.9,0.0
301,0.9,0.0
302,0.9,0.0
303,0.9,0.0
304,0.9,0.0
305,0.9,0.0
306,0.9,0.0
307,0.9,0.0
308,0.9,0.0
309,0.9,0.0
310,0.9,0.0
311,0.9,0.0
312,0.9,0.0
313,0.9,0.0
314,0.9,0.0
315,0.9,0.0
316,0.9,0.0
317,0.9,0.0
318,0.9,0.0
319,0.9,0.0
320,0.9,0.0
321,0.9,0.0
322,0.9,0.0
323,0.9,0.0
324,0.9,0.0
325,0.9,0.0
326,0.9,0.0
327,0.9,0.0
328,0.9,0.0
329,0.9,0.0
330,0.9,0.0
331,0.9,0.0
332,0.9,0.0
333,0.9,0.0
334,0.9,0.0
335,0.9,0.0
336,0.9,0.0
337,0.9,0.0
338,0.9,0.0
339,0.9,0.0
340,0.9,0.0
341,0.9,0.0
342,0.9,0.0
343,0.9,0.0
344,0.9,0.0
345,0.9,0.0
346,0.9,0.0
347,0.9,0.0
348,0.9,0.0
349,0.9,0.0
350,0.9,0.0
351,0.9,0.0
352,0.9,0.0
353,0.9,0.0
354,0.9,0.0
355,0.9,0.0
356,0.9,0.0
357,0.9,0.0
358,0.9,0.0
359,0.9,0.0
360,0.9,0.0
361,0.9,0.0
362,0.9,0.0
363,0.9,0.0
364,0.9,0.0
365,0.9,0.0
366,0.9,0.0
367,0.9,0.0
368,0.9,0.0
369,0.9,0.0
370,0.9,0.0
371,0.9,0.0
372,0.9,0.0
373,0.9,0.0
374,0.9,0.0
375,0.9,0.0
376,0.9,0.0
377,0.9,0.0
378,0.9,0.0
379,0.9,0.0
380,0.9,0.0
381,0.9,0.0
382,0.9,0.0
383,0.9,0.0
384,0.9,0.0
385,0.9,0.0
386,0.9,0.0
387,0.9,0.0
388,0.9,0.0
389,0.9,0.0
390,0.9,0.0
391,0.9,0.0
392,0.9,0.0
393,0.9,0.0
394,0.9,0.0
395,0.9,0.0
396,0.9,0.0
397,0.9,0.0
398,0.9,0.0
399,0.9,0.0
400,0.9,0.0
401,0.9,0.0
402,0.9,0.0
403,0.9,0.0
404,0.9,0.0
405,0.9,0.0
406,0.9,0.0
407,0.9,0.0
408,0.9,0.0
409,0.9,0.0
410,0.9,0.0
411,0.9,0.0
412,0.9,0.0
413,0.9,0.0
414,0.9,0.0
415,0.9,0.0
416,0.9,0.0
417,0.9,0.0
418,0.9,0.0
419,0.9,0.0
420,0.9,0.0
421,0.9,0.0
422,0.9,0.0
423,0.9,0.0
424,0.9,0.0
425,0.9,0.0
426,0.9,0.0
427,0.9,0.0
428,0.9,0.0
429,0.9,0.0
430,0.9,0.0
431,0.9,0.0
432,0.9,0.0
433,0.9,0.0
434,0.9,0.0
435,0.9,0.0
436,0.9,0.0
437,0.9,0.0
438,0.9,0.0
439,0.9,0.0
440,0.9,0.0
441,0.9,0.0
442,0.9,0.0
443,0.9,0.0
444,0.9,0.0
445,0.9,0.0
446,0.9,0.0
447,0.9,0.0
448,0.9,0.0
449,0.9,0.0
450,0.9,0.0
451,0.9,0.0
452,0.9,0.0
453,0.9,0.0
454,0.9,0.0
455,0.9,0.0
456,0.9,0.0
457,0.9,0.0
458,0.9,0.0
459,0.9,0.0
460,0.9,0.0
461,0.9,0.0
462,0.9,0.0
463,0.9,0.0
464,0.9,0.0
465,0.9,0.0
466,0.9,0.0
467,0.9,0.0
468,0.9,0.0
469,0.9,0.0
470,0.9,0.0
471,0.9,0.0
472,0.9,0.0
473,0.9,0.0
474,0.9,0.0
475,0.9,0.0
476,0.9,0.0
477,0.9,0.0
478,0.9,0.0
479,0.9,0.0
480,0.9,0.0
481,0.9,0.0
482,0.9,0.0
483,0.9,0.0
484,0.9,0.0
485,0.9,0.0
486,0.9,0.0
487,0.9,0.0
488,0.9,0.0
489,0.9,0.0
490,0.9,0.0
491,0.9,0.0
492,0.9,0.0
493,0.9,0.0
494,0.9,0.0
495,0.9,0.0
496,0.9,0.0
497,0.9,0.0
498,0.9,0.0
499,0.9,0.0
500,0.9,0.0
501,0.9,0.0
502,0.9,0.0
503,0.9,0.0
504,0.9,0.0
505,0.9,0.0
506,0.9,0.0
507,0.9,0.0
508,0.9,0.0
509,0.9,0.0
510,0.9,0.0
511,0.9,0.0
512,0.9,0.0
513,0.9,0.0
514,0.9,0.0
515,0.9,0.0
516,0.9,0.0
517,0.9,0.0
518,0.9,0.0
519,0.9,0.0
520,0.9,0.0
521,0.9,0.0
522,0.9,0.0
523,0.9,0.0
524,0.9,0.0
525,0.9,0.0
526,0.9,0.0
527,0.9,0.0
528,0.9,0.0
529,0.9,0.0
530,0.9,0.0
531,0.9,0.0
532,0.9,0.0
533,0.9,0.0
534,0.9,0.0
535,0.9,0.0
536,0.9,0.0
537,0.9,0.0
538,0.9,0.0
539,0.9,0.0
540,0.9,0.0
541,0.8999948649349554,-0.003040245172904547
542,0.8999794597984192,-0.006080455652794173
543,0.8999537847661833,-0.009120596747049849
544,0.899917840131232,-0.01216063376384432
545,0.8998716263037388,-0.01520053201253799
546,0.8998151438110615,-0.01824025680407478
547,0.8997483932977363,-0.021279773451377968
548,0.8996713755254703,-0.02431904726974603
549,0.899584091373133,-0.027358043577248425
550,0.8994865418367463,-0.030396727695121348
551,0.8993787280294726,-0.03343506494816347
552,0.8992606511816031,-0.036473020665131646
553,0.8991323126405428,-0.03951056017913652
554,0.8989937138707956,-0.04254764882803812
555,0.8988448564539475,-0.04558425195484144
556,0.8986857420886486,-0.04862033490809188
557,0.8985163725905935,-0.051655863042270676
558,0.8983367498925009,-0.054690801718190234
559,0.8981468760440913,-0.057725116303389425
560,0.8979467532120636,-0.06075877217252878
561,0.8977363836800709,-0.06379173470778561
562,0.8975157698486935,-0.06682396929924904
563,0.8972849142354122,-0.06985544134531495
564,0.8970438194745797,-0.07288611625308078
565,0.8967924883173897,-0.07591595943874038
566,0.8965309236318463,-0.07894493632797855
567,0.896259128402731,-0.08197301235636566
568,0.8959771057315687,-0.08500015296975197
569,0.8956848588365922,-0.08802632362466206
570,0.8953823910527056,-0.09105148978868893
571,0.8950697058314458,-0.0940756169408881
572,0.8947468067409443,-0.09709867057217149
573,0.8944136974658848,-0.10012061618570124
574,0.8940703818074626,-0.1031414192972834
575,0.8937168636833402,-0.1061610454357614
576,0.8933531471276036,-0.10917946014340933
577,0.8929792362907152,-0.11219662897632535
578,0.8925951354394671,-0.11521251750482452
579,0.8922008489569324,-0.11822709131383183
580,0.891796381342415,-0.12124031600327485
581,0.8913817372113982,-0.12425215718847632
582,0.8909569212954922,-0.12726258050054645
583,0.89052193844238,-0.13027155158677522
584,0.8900767936157623,-0.13327903611102432
585,0.8896214918953003,-0.13628499975411895
586,0.8891560384765584,-0.13928940821423952
587,0.8886804386709447,-0.14229222720731297
588,0.88819469790565,-0.14529342246740407
589,0.8876988217235863,-0.14829295974710646
590,0.8871928157833237,-0.1512908048179334
591,0.8866766858590251,-0.15428692347070835
592,0.8861504378403813,-0.1572812815159554
593,0.8856140777325427,-0.16027384478428938
594,0.8850676116560519,-0.16326457912680578
595,0.8845110458467726,-0.16625345041547043
596,0.8839443866558199,-0.1692404245435089
597,0.8833676405494866,-0.17222546742579584
598,0.8827808141091699,-0.1752085449992437
599,0.8821839140312964,-0.17818962322319173
600,0.8815769471272455,-0.18116866807979415
601,0.8809599203232718,-0.1841456455744085
602,0.8803328406604256,-0.18712052173598348
603,0.8796957152944734,-0.19009326261744672
604,0.8790485514958158,-0.19306383429609203
605,0.8783913566494043,-0.1960322028739665
606,0.8777241382546571,-0.19899833447825743
607,0.8770469039253742,-0.2019621952616788
608,0.8763596613896494,-0.20492375140285743
609,0.8756624184897831,-0.2078829691067191
610,0.8749551831821921,-0.21083981460487408
611,0.8742379635373195,-0.21379425415600242
612,0.8735107677395421,-0.2167462540462391
613,0.8727736040870768,-0.21969578058955863
614,0.8720264809918867,-0.22264280012815962
615,0.8712694069795843,-0.2255872790328487
616,0.8705023906893349,-0.2285291837034243
617,0.8697254408737574,-0.23146848056906008
618,0.8689385663988246,-0.23440513608868813
619,0.8681417762437625,-0.23733911675138147
620,0.8673350795009472,-0.24027038907673673
621,0.8665184853758016,-0.243198919615256
622,0.8656920031866898,-0.2461246749487286
623,0.8648556423648115,-0.24904762169061245
624,0.8640094124540938,-0.251967726486415
625,0.8631533231110825,-0.2548849560140739
626,0.862287384104832,-0.2577992769843372
627,0.8614116053167937,-0.2607106561411432
628,0.8605259967407033,-0.2636190602620001
629,0.8596305684824667,-0.26652445615836495
630,0.8587253307600445,-0.26942681067602237
631,0.857810293903336,-0.27232609069546293
632,0.8568854683540604,-0.27522226313226117
633,0.8559508646656387,-0.2781152949374529
634,0.8550064935030726,-0.28100515309791263
635,0.8540523656428226,-0.28389180463673014
636,0.8530884919726859,-0.2867752166135867
637,0.8521148834916713,-0.289655356125131
638,0.8511315513098741,-0.2925321903053549
639,0.850138506648349,-0.295405686325968
640,0.8491357608389827,-0.2982758113967725
641,0.848123325324364,-0.30114253276603764
642,0.8471012116576533,-0.3040058177208729
643,0.8460694315024511,-0.30686563358760155
644,0.8450279966326644,-0.30972194773213374
645,0.8439769189323727,-0.31257472756033855
646,0.8429162103956925,-0.315423940518416
647,0.8418458831266402,-0.31826955409326857
648,0.8407659493389936,-0.3211115358128723
649,0.8396764213561534,-0.3239498532466472
650,0.8385773116110019,-0.32678447400582744
651,0.8374686326457614,-0.3296153657438308
652,0.8363503971118512,-0.332442496156628
653,0.8352226177697425,-0.3352658329831111
654,0.8340853074888139,-0.33808534400546175
655,0.8329384792472038,-0.3409009970495189
656,0.8317821461316625,-0.3437127599851457
657,0.8306163213374026,-0.3465206007265966
658,0.8294410181679491,-0.34932448723288295
659,0.8282562500349868,-0.35212438750813907
660,0.8270620304582078,-0.35492026960198714
661,0.825858373065157,-0.35771210160990174
662,0.8246452915910766,-0.3604998516735742
663,0.8234227998787494,-0.3632834879812757
664,0.822190911878341,-0.3660629787682207
665,0.8209496416472403,-0.3688382923169293
666,0.8196990033498991,-0.371609396957589
667,0.8184390112576708,-0.37437626106841637
668,0.8171696797486473,-0.3771388530760177
669,0.815891023307495,-0.37989714145574927
670,0.8146030565252894,-0.3826510947320772
671,0.8133057940993488,-0.3854006814789366
672,0.8119992508330662,-0.3881458703200902
673,0.810683441635741,-0.39088662992948625
674,0.8093583815224084,-0.3936229290316162
675,0.8080240856136679,-0.39635473640187147
676,0.8066805691355114,-0.3990820208668997
677,0.8053278474191489,-0.40180475130496063
678,0.8039659359008335,-0.40452289664628116
679,0.8025948501216861,-0.4072364258734099
680,0.8012146057275168,-0.40994530802157114
681,0.7998252184686473,-0.41264951217901813
682,0.7984267041997308,-0.4153490074873859
683,0.7970190788795714,-0.41804376314204333
684,0.795602358570941,-0.4207337483924447
685,0.7941765594403976,-0.42341893254248064
686,0.7927416977580996,-0.42609928495082827
687,0.7912977898976202,-0.4287747750313011
688,0.7898448523357614,-0.4314453722531978
689,0.7883829016523651,-0.43411104614165064
690,0.7869119545301243,-0.4367717662779735
691,0.7854320277543927,-0.4394275023000086
692,0.783943138212993,-0.4420782239024733
693,0.7824453028960245,-0.44472390083730573
694,0.7809385388956689,-0.44736450291401
695,0.7794228634059953,-0.4500000000000006
696,0.7778982937227643,-0.45263036202094664
697,0.7763648472432304,-0.45525555896111464
698,0.7748225414659433,-0.4578755608637111
699,0.7732713939905486,-0.46049033783122456
700,0.7717114225175865,-0.4630998600257665
701,0.7701426448482905,-0.46570409766941206
702,0.7685650788843836,-0.46830302104453975
703,0.7669787426278744,-0.4708966004941704
704,0.7653836541808512,-0.473484806422306
705,0.7637798317452764,-0.47606760929426684
706,0.7621672936227777,-0.4786449796370292
707,0.7605460582144399,-0.48121688803956103
708,0.7589161440205946,-0.4837833051531581
709,0.7572775696406095,-0.48634420169177867
710,0.7556303537726756,-0.48889954843237754
711,0.7539745152135945,-0.49144931621523985
712,0.7523100728585632,-0.49399347594431353
713,0.7506370457009589,-0.4965319985875415
714,0.7489554528321223,-0.49906485517719285
715,0.7472653134411394,-0.5015920168101935
716,0.7455666468146231,-0.504113454648456
717,0.7438594723364924,-0.5066291399192087
718,0.7421438094877517,-0.5091390439153235
719,0.7404196778462684,-0.5116431379956445
720,0.7386870970865494,-0.5141413935853139
721,0.7369460869795168,-0.5166337821760985
722,0.7351966673922821,-0.5191202753267148
723,0.7334388582879192,-0.5216008446631538
724,0.7316726797252374,-0.5240754618790047
725,0.7298981518585517,-0.5265440987357778
726,0.7281152949374533,-0.5290067270632267
727,0.7263241293065783,-0.5314633187596701
728,0.7245246754053757,-0.5339138457923122
729,0.7227169537678739,-0.5363582801975623
730,0.7209009850224467,-0.5387965940813545
731,0.7190767898915778,-0.5412287596194659
732,0.7172443891916241,-0.5436547490578336
733,0.7154038038325785,-0.546074534712872
734,0.713555054817831,-0.5484880889717884
735,0.7116981632439293,-0.5508953842928979
736,0.709833150300338,-0.5532963932059382
737,0.7079600372691963,-0.5556910883123829
738,0.7060788455250762,-0.5580794422857538
739,0.7041895965347373,-0.5604614278719331
740,0.7022923118568831,-0.5628370178894745
741,0.7003870131419141,-0.5652061852299128
742,0.6984737221316809,-0.5675689028580739
743,0.6965524606592364,-0.5699251438123829
744,0.6946232506485864,-0.5722748812051718
745,0.6926861141144396,-0.5746180882229865
746,0.6907410731619562,-0.5769547381268928
747,0.6887881499864958,-0.5792848042527812
748,0.6868273668733641,-0.5816082600116713
749,0.6848587461975584,-0.5839250788900157
750,0.6828823104235124,-0.5862352344500016
751,0.6808980821048403,-0.5885387003298534
752,0.6789060838840784,-0.5908354502441332
753,0.6769063384924279,-0.5931254579840404
754,0.6748988687494945,-0.5954086974177112
755,0.6728836975630288,-0.5976851424905167
756,0.6708608479286644,-0.5999547672253603
757,0.6688303429296556,-0.6022175457229739
758,0.666792205736614,-0.6044734521622136
759,0.6647464596072443,-0.6067224608003542
760,0.6626931278860785,-0.6089645459733831
761,0.6606322340042097,-0.6111996820962934
762,0.658563801479025,-0.6134278436633752
763,0.6564878539139368,-0.6156490052485074
764,0.6544044149981134,-0.6178631415054472
765,0.652313508506209,-0.6200702271681195
766,0.650215158298092,-0.6222702370509059
767,0.648109388318573,-0.6244631460489309
768,0.6459962225971319,-0.6266489291383496
769,0.6438756852476427,-0.6288275613766321
770,0.6417478004680993,-0.6309990179028491
771,0.639612592540339,-0.6331632739379549
772,0.6374700858297653,-0.6353203047850706
773,0.6353203047850701,-0.6374700858297659
774,0.6331632739379544,-0.6396125925403396
775,0.6309990179028485,-0.6417478004680999
776,0.6288275613766315,-0.6438756852476433
777,0.6266489291383491,-0.6459962225971325
778,0.6244631460489305,-0.6481093883185737
779,0.6222702370509053,-0.6502151582980926
780,0.620070227168119,-0.6523135085062096
781,0.6178631415054466,-0.6544044149981141
782,0.615649005248507,-0.6564878539139375
783,0.6134278436633749,-0.6585638014790258
784,0.611199682096293,-0.6606322340042106
785,0.6089645459733828,-0.6626931278860794
786,0.6067224608003539,-0.6647464596072452
787,0.6044734521622133,-0.666792205736615
788,0.6022175457229737,-0.6688303429296566
789,0.5999547672253601,-0.6708608479286654
790,0.5976851424905165,-0.6728836975630298
791,0.595408697417711,-0.6748988687494956
792,0.5931254579840401,-0.676906338492429
793,0.590835450244133,-0.6789060838840796
794,0.5885387003298532,-0.6808980821048415
795,0.5862352344500014,-0.6828823104235137
796,0.5839250788900154,-0.6848587461975596
797,0.5816082600116711,-0.6868273668733654
798,0.579284804252781,-0.6887881499864972
799,0.5769547381268926,-0.6907410731619575
800,0.5746180882229863,-0.6926861141144409
801,0.5722748812051716,-0.6946232506485878
802,0.5699251438123827,-0.6965524606592377
803,0.5675689028580738,-0.6984737221316822
804,0.5652061852299127,-0.7003870131419154
805,0.5628370178894745,-0.7022923118568846
806,0.5604614278719331,-0.7041895965347388
807,0.5580794422857537,-0.7060788455250776
808,0.5556910883123828,-0.7079600372691978
809,0.5532963932059382,-0.7098331503003393
810,0.5508953842928979,-0.7116981632439308
811,0.5484880889717884,-0.7135550548178324
812,0.5460745347128722,-0.7154038038325798
813,0.5436547490578338,-0.7172443891916255
814,0.5412287596194661,-0.7190767898915793
815,0.5387965940813548,-0.7209009850224483
816,0.5363582801975626,-0.7227169537678755
817,0.5339138457923125,-0.7245246754053772
818,0.5314633187596705,-0.7263241293065799
819,0.529006727063227,-0.7281152949374549
820,0.5265440987357781,-0.7298981518585532
821,0.5240754618790051,-0.731672679725239
822,0.5216008446631543,-0.7334388582879208
823,0.5191202753267152,-0.7351966673922835
824,0.516633782176099,-0.7369460869795182
825,0.5141413935853144,-0.7386870970865508
826,0.5116431379956451,-0.7404196778462697
827,0.509139043915324,-0.7421438094877529
828,0.5066291399192092,-0.7438594723364936
829,0.5041134546484567,-0.7455666468146244
830,0.5015920168101942,-0.7472653134411408
831,0.4990648551771935,-0.7489554528321236
832,0.49653199858754216,-0.7506370457009602
833,0.49399347594431425,-0.7523100728585645
834,0.49144931621524063,-0.7539745152135958
835,0.4888995484323784,-0.755630353772677
836,0.4863442016917795,-0.7572775696406108
837,0.4837833051531589,-0.7589161440205959
838,0.48121688803956186,-0.7605460582144413
839,0.47864497963703,-0.7621672936227792
840,0.4760676092942677,-0.763779831745278
841,0.4734848064223069,-0.7653836541808527
842,0.47089660049417137,-0.7669787426278758
843,0.4683030210445407,-0.7685650788843851
844,0.465704097669413,-0.770142644848292
845,0.4630998600257674,-0.771711422517588
846,0.4604903378312255,-0.77327139399055
847,0.457875560863712,-0.7748225414659448
848,0.4552555589611155,-0.7763648472432318
849,0.4526303620209476,-0.7778982937227658
850,0.4500000000000015,-0.7794228634059968
851,0.44736450291401086,-0.7809385388956703
852,0.4447239008373066,-0.7824453028960261
853,0.4420782239024742,-0.7839431382129947
854,0.4394275023000095,-0.7854320277543944
855,0.4367717662779743,-0.786911954530126
856,0.43411104614165147,-0.7883829016523668
857,0.43144537225319857,-0.7898448523357631
858,0.42877477503130185,-0.7912977898976218
859,0.426099284950829,-0.7927416977581011
860,0.42341893254248136,-0.7941765594403992
861,0.42073374839244543,-0.7956023585709426
862,0.4180437631420441,-0.7970190788795729
863,0.4153490074873867,-0.7984267041997325
864,0.41264951217901896,-0.799825218468649
865,0.409945308021572,-0.8012146057275183
866,0.40723642587341075,-0.8025948501216876
867,0.404522896646282,-0.8039659359008351
868,0.40180475130496146,-0.8053278474191504
869,0.39908202086690053,-0.806680569135513
870,0.3963547364018723,-0.8080240856136695
871,0.39362292903161705,-0.8093583815224099
872,0.39088662992948714,-0.8106834416357426
873,0.38814587032009107,-0.8119992508330678
874,0.3854006814789375,-0.8133057940993503
875,0.3826510947320781,-0.8146030565252911
876,0.37989714145575015,-0.8158910233074967
877,0.37713885307601863,-0.8171696797486491
878,0.3743762610684173,-0.8184390112576725
879,0.37160939695758993,-0.8196990033499008
880,0.36883829231693016,-0.8209496416472419
881,0.3660629787682216,-0.8221909118783428
882,0.3632834879812766,-0.8234227998787512
883,0.3604998516735751,-0.8246452915910785
884,0.35771210160990274,-0.825858373065159
885,0.35492026960198814,-0.8270620304582098
886,0.35212438750814007,-0.8282562500349888
887,0.34932448723288395,-0.8294410181679511
888,0.34652060072659757,-0.8306163213374047
889,0.34371275998514667,-0.8317821461316646
890,0.3409009970495198,-0.8329384792472059
891,0.3380853440054627,-0.8340853074888159
892,0.3352658329831121,-0.8352226177697445
893,0.332442496156629,-0.8363503971118531
894,0.3296153657438319,-0.8374686326457634
895,0.3267844740058285,-0.8385773116110039
896,0.32394985324664827,-0.8396764213561554
897,0.3211115358128734,-0.8407659493389955
898,0.3182695540932697,-0.8418458831266421
899,0.3154239405184171,-0.8429162103956945
900,0.3125747275603397,-0.8439769189323747
901,0.3097219477321349,-0.8450279966326663
902,0.3068656335876027,-0.846069431502453
903,0.304005817720874,-0.8471012116576552
904,0.30114253276603875,-0.8481233253243657
905,0.2982758113967736,-0.8491357608389845
906,0.2954056863259691,-0.8501385066483508
907,0.29253219030535604,-0.8511315513098758
908,0.2896553561251322,-0.8521148834916731
909,0.2867752166135879,-0.8530884919726878
910,0.2838918046367314,-0.8540523656428245
911,0.28100515309791396,-0.8550064935030743
912,0.27811529493745424,-0.8559508646656405
913,0.27522226313226245,-0.8568854683540621
914,0.2723260906954642,-0.8578102939033376
915,0.26942681067602364,-0.8587253307600462
916,0.26652445615836623,-0.8596305684824683
917,0.2636190602620014,-0.8605259967407051
918,0.26071065614114447,-0.8614116053167955
919,0.2577992769843384,-0.8622873841048337
920,0.25488495601407507,-0.8631533231110842
921,0.2519677264864162,-0.8640094124540955
922,0.24904762169061362,-0.8648556423648133
923,0.24612467494872978,-0.8656920031866917
924,0.24319891961525716,-0.8665184853758036
925,0.2402703890767379,-0.8673350795009492
926,0.2373391167513826,-0.8681417762437645
927,0.23440513608868924,-0.8689385663988266
928,0.2314684805690612,-0.8697254408737594
929,0.2285291837034254,-0.8705023906893369
930,0.2255872790328498,-0.8712694069795863
931,0.22264280012816073,-0.8720264809918886
932,0.21969578058955974,-0.8727736040870787
933,0.2167462540462402,-0.8735107677395441
934,0.21379425415600356,-0.8742379635373216
935,0.21083981460487525,-0.8749551831821942
936,0.2078829691067203,-0.8756624184897852
937,0.20492375140285862,-0.8763596613896516
938,0.20196219526167997,-0.8770469039253764
939,0.1989983344782586,-0.8777241382546594
940,0.19603220287396766,-0.8783913566494066
941,0.1930638342960932,-0.8790485514958182
942,0.1900932626174479,-0.8796957152944758
943,0.18712052173598467,-0.8803328406604278
944,0.18414564557440966,-0.880959920323274
945,0.18116866807979531,-0.8815769471272479
946,0.1781896232231929,-0.8821839140312988
947,0.17520854499924488,-0.8827808141091723
948,0.172225467425797,-0.883367640549489
949,0.16924042454351007,-0.8839443866558224
950,0.1662534504154716,-0.8845110458467752
951,0.16326457912680695,-0.8850676116560544
952,0.16027384478429055,-0.8856140777325453
953,0.15728128151595655,-0.8861504378403839
954,0.15428692347070946,-0.8866766858590278
955,0.1512908048179345,-0.8871928157833264
956,0.14829295974710757,-0.8876988217235892
957,0.14529342246740518,-0.8881946979056529
958,0.14229222720731408,-0.8886804386709476
959,0.13928940821424063,-0.8891560384765614
960,0.13766925886098394,-0.889408328702106
961,0.13766925886098388,-0.889408328702106
962,0.13766925886098383,-0.889408328702106
963,0.13766925886098372,-0.889408328702106
964,0.13766925886098377,-0.889408328702106
965,0.1376692588609836,-0.889408328702106
966,0.1376692588609838,-0.889408328702106
967,0.13766925886098366,-0.889408328702106
968,0.13766925886098363,-0.889408328702106
969,0.13766925886098383,-0.889408328702106
970,0.13766925886098386,-0.889408328702106
971,0.13766925886098383,-0.889408328702106
972,0.13766925886098388,-0.889408328702106
973,0.13766925886098397,-0.889408328702106
974,0.13766925886098397,-0.889408328702106
975,0.1376692588609841,-0.889408328702106
976,0.13766925886098427,-0.889408328702106
977,0.13766925886098422,-0.889408328702106
978,0.13766925886098413,-0.889408328702106
979,0.13766925886098397,-0.889408328702106
980,0.13766925886098402,-0.889408328702106
981,0.1376692588609839,-0.889408328702106
982,0.13766925886098386,-0.889408328702106
983,0.13766925886098372,-0.889408328702106
984,0.13766925886098355,-0.889408328702106
985,0.13766925886098344,-0.889408328702106
986,0.1376692588609836,-0.889408328702106
987,0.13766925886098372,-0.889408328702106
988,0.13766925886098355,-0.889408328702106
989,0.13766925886098366,-0.889408328702106
990,0.1376692588609838,-0.889408328702106
991,0.13766925886098372,-0.889408328702106
992,0.13766925886098383,-0.889408328702106
993,0.13766925886098383,-0.889408328702106
994,0.137669258860984,-0.889408328702106
995,0.13766925886098397,-0.889408328702106
996,0.1376692588609841,-0.889408328702106
997,0.1376692588609842,-0.889408328702106
998,0.13766925886098408,-0.889408328702106
999,0.13766925886098405,-0.889408328702106
1000,0.1376692588609839,-0.889408328702106
1001,0.13766925886098402,-0.889408328702106
1002,0.13766925886098383,-0.889408328702106
1003,0.1376692588609837,-0.889408328702106
1004,0.13766925886098363,-0.889408328702106
1005,0.13766925886098347,-0.889408328702106
1006,0.13766925886098347,-0.889408328702106
1007,0.1376692588609833,-0.889408328702106
1008,0.1376692588609832,-0.889408328702106
1009,0.1376692588609832,-0.889408328702106
1010,0.13766925886098327,-0.889408328702106
1011,0.13766925886098344,-0.889408328702106
1012,0.13766925886098338,-0.889408328702106
1013,0.1376692588609833,-0.889408328702106
1014,0.13766925886098344,-0.889408328702106
1015,0.13766925886098333,-0.889408328702106
1016,0.13766925886098316,-0.889408328702106
1017,0.1376692588609831,-0.889408328702106
1018,0.1376692588609832,-0.889408328702106
1019,0.137669258860983,-0.889408328702106
1020,0.13766925886098294,-0.889408328702106
1021,0.13766925886098297,-0.889408328702106
1022,0.13766925886098305,-0.889408328702106
1023,0.13766925886098288,-0.889408328702106
1024,0.1376692588609828,-0.889408328702106
1025,0.13766925886098266,-0.889408328702106
1026,0.13766925886098266,-0.889408328702106
1027,0.13766925886098272,-0.889408328702106
1028,0.13766925886098275,-0.889408328702106
1029,0.1376692588609826,-0.889408328702106
1030,0.1376692588609824,-0.889408328702106
1031,0.1376692588609823,-0.889408328702106
1032,0.13766925886098222,-0.889408328702106
1033,0.13766925886098202,-0.889408328702106
1034,0.13766925886098202,-0.889408328702106
1035,0.13766925886098216,-0.889408328702106
1036,0.13766925886098222,-0.889408328702106
1037,0.1376692588609824,-0.889408328702106
1038,0.1376692588609825,-0.889408328702106
1039,0.13766925886098247,-0.889408328702106
1040,0.13766925886098264,-0.889408328702106
1041,0.13766925886098277,-0.889408328702106
1042,0.13766925886098286,-0.889408328702106
1043,0.13766925886098272,-0.889408328702106
1044,0.13766925886098258,-0.889408328702106
1045,0.1376692588609826,-0.889408328702106
1046,0.1376692588609826,-0.889408328702106
1047,0.13766925886098255,-0.889408328702106
1048,0.13766925886098239,-0.889408328702106
1049,0.13766925886098233,-0.889408328702106
1050,0.13766925886098227,-0.889408328702106
1051,0.13766925886098233,-0.889408328702106
1052,0.13766925886098258,-0.889408328702106
1053,0.13766925886098252,-0.889408328702106
1054,0.13766925886098247,-0.889408328702106
1055,0.1376692588609825,-0.889408328702106
1056,0.1376692588609827,-0.889408328702106
1057,0.13766925886098283,-0.889408328702106
1058,0.13766925886098283,-0.889408328702106
1059,0.13766925886098266,-0.889408328702106
1060,0.13766925886098288,-0.889408328702106
1061,0.1376692588609829,-0.889408328702106
1062,0.13766925886098313,-0.889408328702106
1063,0.13766925886098308,-0.889408328702106
1064,0.13766925886098297,-0.889408328702106
1065,0.13766925886098286,-0.889408328702106
1066,0.13766925886098288,-0.889408328702106
1067,0.13766925886098272,-0.889408328702106
1068,0.1376692588609829,-0.889408328702106
1069,0.13766925886098275,-0.889408328702106
1070,0.13766925886098275,-0.889408328702106
1071,0.13766925886098297,-0.889408328702106
1072,0.137669258860983,-0.889408328702106
1073,0.13766925886098294,-0.889408328702106
1074,0.137669258860983,-0.889408328702106
1075,0.13766925886098313,-0.889408328702106
1076,0.13766925886098316,-0.889408328702106
1077,0.1376692588609833,-0.889408328702106
1078,0.13766925886098352,-0.889408328702106
1079,0.13766925886098344,-0.889408328702106
1080,0.13766925886098333,-0.889408328702106
1081,0.13766925886098313,-0.889408328702106
1082,0.13766925886098316,-0.889408328702106
1083,0.13766925886098305,-0.889408328702106
1084,0.137669258860983,-0.889408328702106
1085,0.1376692588609828,-0.889408328702106
1086,0.1376692588609826,-0.889408328702106
1087,0.13766925886098244,-0.889408328702106
1088,0.13766925886098264,-0.889408328702106
1089,0.1376692588609828,-0.889408328702106
1090,0.13766925886098258,-0.889408328702106
1091,0.13766925886098272,-0.889408328702106
1092,0.13766925886098288,-0.889408328702106
1093,0.13766925886098275,-0.889408328702106
1094,0.1376692588609829,-0.889408328702106
1095,0.1376692588609829,-0.889408328702106
1096,0.13766925886098313,-0.889408328702106
1097,0.1376692588609831,-0.889408328702106
1098,0.13766925886098327,-0.889408328702106
1099,0.13766925886098336,-0.889408328702106
1100,0.13766925886098322,-0.889408328702106
1101,0.1376692588609832,-0.889408328702106
1102,0.13766925886098302,-0.889408328702106
1103,0.13766925886098316,-0.889408328702106
1104,0.13766925886098288,-0.889408328702106
1105,0.1376692588609827,-0.889408328702106
1106,0.13766925886098266,-0.889408328702106
1107,0.1376692588609824,-0.889408328702106
1108,0.13766925886098244,-0.889408328702106
1109,0.13766925886098216,-0.889408328702106
1110,0.13766925886098202,-0.889408328702106
1111,0.13766925886098202,-0.889408328702106
1112,0.13766925886098216,-0.889408328702106
1113,0.13766925886098239,-0.889408328702106
1114,0.1376692588609823,-0.889408328702106
1115,0.13766925886098216,-0.889408328702106
1116,0.13766925886098236,-0.889408328702106
1117,0.13766925886098216,-0.889408328702106
1118,0.137669258860982,-0.889408328702106
1119,0.1376692588609819,-0.889408328702106
1120,0.137669258860982,-0.889408328702106
1121,0.13766925886098175,-0.889408328702106
1122,0.1376692588609817,-0.889408328702106
1123,0.13766925886098172,-0.889408328702106
1124,0.1376692588609818,-0.889408328702106
1125,0.13766925886098158,-0.889408328702106
1126,0.13766925886098147,-0.889408328702106
1127,0.1376692588609813,-0.889408328702106
1128,0.13766925886098128,-0.889408328702106
1129,0.13766925886098136,-0.889408328702106
1130,0.1406729393470689,-0.888938200402852
1131,0.14367501457828186,-0.8884579282025321
1132,0.1466754502971723,-0.8879675175816552
1133,0.14967421226500113,-0.8874669741364221
1134,0.1526712662621289,-0.886956303578662
1135,0.15566657808840623,-0.8864355117357672
1136,0.1586601135635641,-0.8859046045506267
1137,0.1616518385276039,-0.885363588081558
1138,0.16464171884118722,-0.8848124685022385
1139,0.16762972038602542,-0.8842512521016345
1140,0.17061580906526896,-0.8836799452839297
1141,0.17359995080389656,-0.8830985545684524
1142,0.17658211154910392,-0.8825070865896008
1143,0.17956225727069233,-0.881905548096767
1144,0.18254035396145712,-0.8812939459542607
1145,0.18551636763757556,-0.8806722871412301
1146,0.18849026433899477,-0.8800405787515831
1147,0.19146201012981917,-0.8793988279939056
1148,0.19443157109869783,-0.8787470421913792
1149,0.19739891335921136,-0.8780852287816987
1150,0.20036400305025862,-0.877413395316986
1151,0.20332680633644307,-0.8767315494637046
1152,0.20628728940845897,-0.8760396990025716
1153,0.20924541848347714,-0.8753378518284698
1154,0.21220115980553042,-0.8746260159503565
1155,0.21515447964589896,-0.873904199491173
1156,0.21810534430349499,-0.8731724106877515
1157,0.22105372010524754,-0.8724306578907212
1158,0.22399957340648657,-0.8716789495644126
1159,0.22694287059132692,-0.8709172942867618
1160,0.22988357807305196,-0.8701457007492118
1161,0.2328216622944968,-0.8693641777566138
1162,0.23575708972843126,-0.8685727342271264
1163,0.23868982687794243,-0.8677713791921141
1164,0.24161984027681693,-0.866960121796044
1165,0.2445470964899228,-0.8661389712963817
1166,0.247471562113591,-0.8653079370634855
1167,0.25039320377599666,-0.8644670285804995
1168,0.25331198813753986,-0.8636162554432454
1169,0.2562278818912261,-0.8627556273601128
1170,0.2591408517630462,-0.861885154151949
1171,0.26205086451235626,-0.8610048457519462
1172,0.26495788693225686,-0.8601147122055287
1173,0.26786188584997195,-0.8592147636702379
1174,0.27076282812722746,-0.8583050104156166
1175,0.27366068066062943,-0.8573854628230917
1176,0.27655541038204173,-0.856456131385856
1177,0.2794469842589635,-0.855517026708748
1178,0.28233536929490605,-0.8545681595081314
1179,0.28522053252976914,-0.8536095406117723
1180,0.2881024410402176,-0.852641180958716
1181,0.29098106194005663,-0.8516630915991622
1182,0.2938563623806072,-0.8506752836943385
1183,0.2967283095510809,-0.8496777685163736
1184,0.29959687067895435,-0.8486705574481679
1185,0.30246201303034315,-0.8476536619832646
1186,0.30532370391037544,-0.8466270937257179
1187,0.308181910663565,-0.8455908643899606
1188,0.3110366006741838,-0.8445449858006704
1189,0.3138877413666344,-0.8434894698926354
1190,0.3167353002058214,-0.8424243287106175
1191,0.31957924469752286,-0.841349574409215
1192,0.3224195423887612,-0.8402652192527239
1193,0.32525616086817327,-0.8391712756149983
1194,0.3280890677663804,-0.8380677559793085
1195,0.3309182307563578,-0.8369546729381994
1196,0.3337436175538033,-0.8358320391933459
1197,0.33656519591750567,-0.8346998675554089
1198,0.339382933649713,-0.8335581709438884
1199,0.34219679859649965,-0.8324069623869763
1200,0.3450067586481333,-0.8312462550214076
1201,0.3478127817394414,-0.8300760620923109
1202,0.35061483585017716,-0.8288963969530568
1203,0.3534128890053847,-0.827707273065106
1204,0.3562069092757642,-0.8265087039978549
1205,0.358996864778036,-0.8253007034284817
1206,0.36178272367530456,-0.8240832851417899
1207,0.36456445417742184,-0.8228564630300504
1208,0.36734202454134995,-0.8216202510928443
1209,0.3701154030715233,-0.8203746634369019
1210,0.37288455812021043,-0.8191197142759425
1211,0.3756494580878752,-0.8178554179305118
1212,0.3784100714235372,-0.8165817888278184
1213,0.3811663666251319,-0.8152988415015698
1214,0.38391831223987016,-0.8140065905918059
1215,0.3866658768645969,-0.8127050508447322
1216,0.38940902914614983,-0.8113942371125515
1217,0.3921477377817169,-0.8100741643532944
1218,0.3948819715191938,-0.8087448476306486
1219,0.3976116991575403,-0.807406302113787
1220,0.40033688954713637,-0.806058543077195
1221,0.40305751159013786,-0.8047015859004953
1222,0.40577353424083107,-0.8033354460682732
1223,0.40848492650598717,-0.8019601391698996
1224,0.4111916574452158,-0.800575680899353
1225,0.4138936961713183,-0.7991820870550408
1226,0.41659101185063996,-0.7977793735396186
1227,0.41928357370342195,-0.7963675563598089
1228,0.4219713510041526,-0.7949466516262187
1229,0.42465431308191803,-0.7935166755531547
1230,0.427332429320752,-0.79207764445844
1231,0.4300056691599855,-0.7906295747632259
1232,0.4326740020945953,-0.7891724829918062
1233,0.435337397675552,-0.7877063857714274
1234,0.4379958255101679,-0.7862312998320997
1235,0.4406492552624432,-0.784747242006406
1236,0.4432976566534127,-0.7832542292293094
1237,0.445940999461491,-0.7817522785379606
1238,0.4485792535228175,-0.7802414070715027
1239,0.45121238873160074,-0.7787216320708764
1240,0.4538403750404616,-0.7771929708786227
1241,0.45646318246077644,-0.7756554409386854
1242,0.4590807810630193,-0.7741090597962116
1243,0.46169314097710334,-0.7725538450973518
1244,0.46430023239272167,-0.7709898145890587
1245,0.4669020255596877,-0.7694169861188841
1246,0.4694984907882743,-0.7678353776347759
1247,0.47208959844955317,-0.7662450071848729
1248,0.4746753189757322,-0.7646458929172988
1249,0.47725562286049344,-0.7630380530799553
1250,0.4798304806593296,-0.761421506020314
1251,0.4823998629898801,-0.7597962701852065
1252,0.4849637405322662,-0.7581623641206144
1253,0.4875220840294259,-0.7565198064714577
1254,0.4900748642874474,-0.7548686159813814
1255,0.4926220521759026,-0.7532088114925427
1256,0.49516361862817937,-0.7515404119453946
1257,0.49769953464181305,-0.749863436378471
1258,0.5002297712788177,-0.7481779039281689
1259,0.5027542996660163,-0.7464838338285298
1260,0.5052730909953699,-0.7447812454110208
1261,0.5077861165243067,-0.7430701581043136
1262,0.5102933475760499,-0.741350591434063
1263,0.5127947555399451,-0.7396225650226839
1264,0.5152903118717865,-0.7378860985891273
1265,0.5177799880941428,-0.7361412119486558
1266,0.5202637557966822,-0.7343879250126167
1267,0.5227415866364962,-0.7326262577882158
1268,0.5252134523384239,-0.7308562303782877
1269,0.5276793246953736,-0.7290778629810681
1270,0.5301391755686456,-0.7272911758899618
1271,0.5325929768882527,-0.7254961894933122
1272,0.5350407006532406,-0.7236929242741678
1273,0.5374823189320077,-0.7218814008100489
1274,0.5399178038626236,-0.7200616397727132
1275,0.5423471276531471,-0.7182336619279189
1276,0.5447702625819434,-0.7163974881351886
1277,0.5471871809980002,-0.7145531393475707
1278,0.5495978553212438,-0.7127006366114009
1279,0.5520022580428532,-0.7108400010660615
1280,0.554400361725574,-0.7089712539437404
1281,0.5567921390040322,-0.7070944165691887
1282,0.5591775625850457,-0.7052095103594777
1283,0.5615566052479362,-0.7033165568237537
1284,0.5639292398448397,-0.7014155775629938
1285,0.5662954393010161,-0.6995065942697581
1286,0.5686551766151586,-0.6975896287279432
1287,0.5710084248597015,-0.6956647028125328
1288,0.5733551571811273,-0.6937318384893486
1289,0.5756953468002736,-0.6917910578147998
1290,0.5780289670126384,-0.6898423829356306
1291,0.5803559911886849,-0.6878858360886683
1292,0.5826763927741451,-0.6859214396005692
1293,0.5849901452903234,-0.6839492158875639
1294,0.5872972223343985,-0.6819691874552012
1295,0.5895975975797242,-0.6799813768980919
1296,0.5918912447761305,-0.6779858068996504
1297,0.594178137750223,-0.6759825002318361
1298,0.5964582504056811,-0.6739714797548937
1299,0.5987315567235566,-0.6719527684170917
1300,0.6009980307625699,-0.6699263892544616
1301,0.6032576466594061,-0.6678923653905339
1302,0.6055103786290107,-0.6658507200360748
1303,0.6077562009648833,-0.6638014764888217
1304,0.6099950880393709,-0.6617446581332165
1305,0.6122270143039609,-0.6596802884401392
1306,0.6144519542895719,-0.6576083909666401
1307,0.616669882606845,-0.6555289893556712
1308,0.6188807739464331,-0.6534421073358155
1309,0.6210846030792901,-0.6513477687210176
1310,0.6232813448569582,-0.6492459974103107
1311,0.6254709742118553,-0.6471368173875447
1312,0.6276534661575611,-0.6450202527211119
1313,0.6298287957891021,-0.6428963275636728
1314,0.6319969382832357,-0.6407650661518804
1315,0.6341578688987335,-0.6386264928061037
1316,0.6363115629766639,-0.6364806319301497
1317,0.6384579959406733,-0.6343275080109856
1318,0.6405971432972661,-0.6321671456184588
1319,0.6427289806360852,-0.6299995694050169
1320,0.6448534836301896,-0.6278248041054261
1321,0.6469706280363325,-0.6256428745364894
1322,0.6490803896952378,-0.6234538055967628
1323,0.6511827445318759,-0.6212576222662717
1324,0.6532776685557382,-0.6190543496062255
1325,0.6553651378611112,-0.6168440127587319
1326,0.6574451286273488,-0.6146266369465097
1327,0.6595176171191448,-0.6124022474726011
1328,0.6615825796868031,-0.610170869720083
1329,0.663639992766508,-0.6079325291517778
1330,0.6656898328805927,-0.6056872513099614
1331,0.6677320766378078,-0.6034350618160736
1332,0.6697667007335875,-0.6011759863704246
1333,0.6717936819503162,-0.5989100507519015
1334,0.673812997157593,-0.5966372808176751
1335,0.6758246233124958,-0.5943577025029043
1336,0.6778285374598443,-0.59207134182044
1337,0.6798247167324618,-0.5897782248605283
1338,0.6818131383514363,-0.5874783777905132
1339,0.6837937796263804,-0.5851718268545375
1340,0.6857666179556903,-0.5828585983732437
1341,0.6877316308268031,-0.5805387187434733
1342,0.6896887958164548,-0.5782122144379659
1343,0.6916380905909353,-0.5758791120050569
1344,0.6935794929063435,-0.5735394380683748
1345,0.6955129806088414,-0.5711932193265368
1346,0.6974385316349064,-0.5688404825528448
1347,0.6993561240115835,-0.5664812545949798
1348,0.7012657358567359,-0.564115562374695
1349,0.7031673453792946,-0.561743432887509
1350,0.7050609308795072,-0.5593648932023982
1351,0.7069464707491855,-0.5569799704614868
1352,0.7088239434719519,-0.554588691879738
1353,0.7106933276234851,-0.552191084744643
1354,0.7125546018717648,-0.5497871764159097
1355,0.7144077449773146,-0.5473769943251506
1356,0.716252735793445,-0.5449605659755699
1357,0.7180895532664937,-0.542537918941649
1358,0.7199181764360671,-0.5401090808688329
1359,0.7217385844352789,-0.5376740794732136
1360,0.723550756490988,-0.5352329425412145
1361,0.7253546719240356,-0.5327856979292732
1362,0.7271503101494815,-0.5303323735635238
1363,0.728937650676839,-0.5278729974394777
1364,0.7307166731103083,-0.5254075976217046
1365,0.7324873571490096,-0.5229362022435122
1366,0.7342496825872147,-0.5204588395066249
1367,0.7360036293145774,-0.5179755376808622
1368,0.7377491773163634,-0.5154863251038163
1369,0.7394863066736779,-0.5129912301805281
1370,0.7412149975636939,-0.5104902813831637
1371,0.7429352302598776,-0.5079835072506892
1372,0.744646985132214,-0.5054709363885451
1373,0.7463502426474306,-0.50295259746832
1374,0.7480449833692203,-0.5004285192274229
1375,0.7497311879584637,-0.4978987304687561
1376,0.751408837173449,-0.4953632600603858
1377,0.7530779118700921,-0.49282213693521304
1378,0.7547383930021551,-0.4902753900906434
1379,0.7563902616214631,-0.4877230485882563
1380,0.7580334988781211,-0.4851651415534731
1381,0.7596680860207287,-0.4826016981752249
1382,0.761294004396594,-0.48003274770561943
1383,0.7629112354519467,-0.4774583194596073
1384,0.76451976073215,-0.4748784428146474
1385,0.7661195618819104,-0.47229314721037163
1386,0.7677106206454883,-0.4697024621482491
1387,0.7692929188669051,-0.46710641719124946
1388,0.7708664384901515,-0.4645050419635053
1389,0.7724311615593926,-0.46189836614997437
1390,0.7739870702191737,-0.45928641949610083
1391,0.775534146714623,-0.45666923180747576
1392,0.7770723733916552,-0.45404683294949694
1393,0.7786017326971726,-0.4514192528470281
1394,0.780122207179265,-0.44878652148405757
1395,0.7816337794874093,-0.4461486689033561
1396,0.7831364323726676,-0.44350572520613374
1397,0.7846301486878837,-0.44085772055169675
1398,0.7861149113878788,-0.43820468515710326
1399,0.7875907035296461,-0.43554664929681836
1400,0.7890575082725442,-0.4328836433023688
1401,0.7905153088784891,-0.4302156975619968
1402,0.7919640887121455,-0.4275428425203133
1403,0.7934038312411165,-0.42486510867795046
1404,0.7948345200361316,-0.4221825265912138
1405,0.7962561387712355,-0.4194951268717333
1406,0.7976686712239733,-0.41680294018611413
1407,0.799072101275576,-0.41410599725558694
1408,0.8004664129111446,-0.4114043288556569
1409,0.8018515902198325,-0.4086979658157529
1410,0.8032276173950273,-0.4059869390188754
1411,0.8045944787345313,-0.4032712794012443
1412,0.80595215864074,-0.4005510179519458
1413,0.8073006416208212,-0.3978261857125788
1414,0.8086399122868906,-0.3950968137769004
1415,0.8099699553561883,-0.3923629332904717
1416,0.811290755651253,-0.3896245754503018
1417,0.8126022981000945,-0.38688177150449216
1418,0.813904567736367,-0.3841345527518797
1419,0.8151975496995385,-0.38138295054168003
1420,0.8164812292350614,-0.3786269962731294
1421,0.8177555916945402,-0.37586672139512656
1422,0.8190206225358991,-0.37310215740587377
1423,0.820276307323548,-0.37033333585251754
1424,0.8215226317285464,-0.3675602883307885
1425,0.8227595815287682,-0.36478304648464077
1426,0.8239871426090628,-0.36200164200589113
1427,0.825205300961417,-0.35921610663385717
1428,0.8264140426851143,-0.3564264721549951
1429,0.827613353986894,-0.35363277040253727
1430,0.828803221181108,-0.35083503325612847
1431,0.8299836306898778,-0.34803329264146254
1432,0.8311545690432486,-0.345227580529918
1433,0.8323160228793436,-0.342417928938193
1434,0.8334679789445161,-0.33960436992794013
1435,0.8346104240935007,-0.33678693560540063
1436,0.8357433452895641,-0.33396565812103773
1437,0.8368667296046527,-0.33114056966917016
1438,0.8379805642195409,-0.32831170248760444
1439,0.8390848364239772,-0.32547908885726723
1440,0.8401795336168292,-0.3226427611018369
1441,0.8412646433062272,-0.3198027515873744
1442,0.8423401531097072,-0.31695909272195455
1443,0.8434060507543519,-0.3141118169552956
1444,0.8444623240769309,-0.3112609567783892
1445,0.845508961024039,-0.3084065447231297
1446,0.8465459496522346,-0.3055486133619429
1447,0.8475732781281754,-0.302687195307414
1448,0.8485909347287534,-0.2998223232119161
1449,0.8495989078412288,-0.296954029767237
1450,0.8505971859633631,-0.2940823477042066
1451,0.8515857577035492,-0.291207309792323
1452,0.8525646117809423,-0.2883289488393789
1453,0.8535337370255882,-0.2854472976910869
1454,0.8544931223785511,-0.2825623892307051
1455,0.8554427568920394,-0.27967425637866133
1456,0.8563826297295308,-0.27678293209217797
1457,0.8573127301658963,-0.27388844936489576
1458,0.8582330475875218,-0.2709908412264969
1459,0.85914357149243,-0.2680901407423288
1460,0.8600442914904,-0.2651863810130262
1461,0.8609351973030854,-0.2622795951741337
1462,0.8618162787641324,-0.25936981639572765
1463,0.862687525819295,-0.25645707788203764
1464,0.8635489285265504,-0.25354141287106746
1465,0.864400477056212,-0.25062285463421596
1466,0.8652421616910421,-0.24770143647589737
1467,0.8660739728263618,-0.24477719173316112
1468,0.8668959009701618,-0.24185015377531158
1469,0.8677079367432099,-0.2389203560035272
1470,0.8685100708791582,-0.23598783185047936
1471,0.8693022942246491,-0.2330526147799509
1472,0.8700845977394194,-0.23011473828645418
1473,0.8708569724964037,-0.22717423589484897
1474,0.8716194096818362,-0.22423114115995985
1475,0.8723719005953513,-0.2212854876661932
1476,0.8731144366500828,-0.2183373090271541
1477,0.8738470093727619,-0.21538663888526277
1478,0.874569610403814,-0.21243351091137053
1479,0.875282231497454,-0.20947795880437564
1480,0.8759848645217804,-0.20652001629083883
1481,0.8766775014588681,-0.20355971712459833
1482,0.8773601344048602,-0.20059709508638474
1483,0.8780327555700572,-0.19763218398343554
1484,0.8786953572790074,-0.19466501764910932
1485,0.879347931970593,-0.1916956299424997
1486,0.8799904721981177,-0.1887240547480489
1487,0.8806229706293903,-0.1857503259751612
1488,0.8812454200468097,-0.18277447755781587
1489,0.8818578133474465,-0.17979654345417997
1490,0.8824601435431242,-0.17681655764622092
1491,0.8830524037604989,-0.1738345541393186
1492,0.8836345872411377,-0.17085056696187734
1493,0.8842066873415962,-0.16786463016493774
1494,0.884768697533494,-0.16487677782178797
1495,0.885320611403589,-0.16188704402757498
1496,0.8858624226538508,-0.1588954628989154
1497,0.886394125101533,-0.1559020685735063
1498,0.886915712679243,-0.15290689520973563
1499,0.8874271794350114,-0.14990997698629238
1500,0.8879285195323604,-0.14691134810177656
1501,0.88841972725037,-0.14391104277430897
1502,0.8889007969837432,-0.14090909524114073
1503,0.8893717232428705,-0.13790553975826264
1504,0.8898325006538919,-0.1349004106000142
1505,0.8902831239587584,-0.13189374205869248
1506,0.8907235880152924,-0.12888556844416085
1507,0.8911538877972459,-0.12587592408345755
1508,0.8915740183943581,-0.12286484332040377
1509,0.8919839750124114,-0.11985236051521189
1510,0.8923837529732861,-0.11683851004409335
1511,0.8927733477150135,-0.11382332629886638
1512,0.8931527547918285,-0.11080684368656356
1513,0.89352196987422,-0.10778909662903916
1514,0.89388098874898,-0.10477011956257633
1515,0.8942298073192527,-0.1017499469374942
1516,0.8945684216045802,-0.09872861321775474
1517,0.894896827740948,-0.0957061528805694
1518,0.89521502198083,-0.09268260041600583
1519,0.8955230006932303,-0.08965799032659416
1520,0.895820760363725,-0.0866323571269334
1521,0.8961082975945026,-0.08360573534329752
1522,0.896385609104402,-0.08057815951324142
1523,0.8966526917289508,-0.07754966418520692
1524,0.8969095424204008,-0.07452028391812848
1525,0.8971561582477632,-0.0714900532810388
1526,0.8973925363968417,-0.06845900685267436
1527,0.8976186741702648,-0.06542717922108088
1528,0.8978345689875166,-0.06239460498321853
1529,0.898040218384966,-0.059361318744567244
1530,0.8982356200158953,-0.05632735511873177
1531,0.8984207716505265,-0.05329274872704669
1532,0.8985956711760469,-0.05025753419818134
1533,0.8987603165966335,-0.04722174616774469
1534,0.898914706033475,-0.04418541927789006
1535,0.8990588377247942,-0.04114858817691985
1536,0.8991927100258676,-0.03811128751889011
1537,0.8990588377247942,-0.04114858817691985
1538,0.898914706033475,-0.04418541927789007
1539,0.8987603165966335,-0.0472217461677447
1540,0.898595671176047,-0.05025753419818135
1541,0.8984207716505266,-0.0532927487270467
1542,0.8982356200158954,-0.056327355118731784
1543,0.8980402183849661,-0.05936131874456725
1544,0.8978345689875167,-0.062394604983218534
1545,0.897618674170265,-0.06542717922108088
1546,0.8973925363968419,-0.06845900685267436
1547,0.8971561582477634,-0.0714900532810388
1548,0.8969095424204011,-0.07452028391812848
1549,0.8966526917289511,-0.07754966418520692
1550,0.8963856091044023,-0.0805781595132414
1551,0.8961082975945031,-0.0836057353432975
1552,0.8958207603637256,-0.0866323571269334
1553,0.8955230006932309,-0.08965799032659418
1554,0.8952150219808306,-0.09268260041600583
1555,0.8948968277409486,-0.09570615288056941
1556,0.8945684216045808,-0.09872861321775475
1557,0.8942298073192535,-0.10174994693749423
1558,0.8938809887489808,-0.10477011956257637
1559,0.8935219698742206,-0.1077890966290392
1560,0.8931527547918292,-0.11080684368656361
1561,0.8927733477150143,-0.11382332629886645
1562,0.8923837529732869,-0.1168385100440934
1563,0.8919839750124122,-0.11985236051521195
1564,0.8915740183943589,-0.12286484332040384
1565,0.8911538877972466,-0.12587592408345766
1566,0.8907235880152929,-0.128885568444161
1567,0.890283123958759,-0.13189374205869261
1568,0.8898325006538924,-0.13490041060001434
1569,0.8893717232428711,-0.13790553975826278
1570,0.8889007969837438,-0.14090909524114087
1571,0.8884197272503707,-0.14391104277430908
1572,0.8879285195323612,-0.14691134810177667
1573,0.8874271794350123,-0.14990997698629252
1574,0.8869157126792439,-0.15290689520973577
1575,0.886394125101534,-0.15590206857350644
1576,0.8858624226538518,-0.15889546289891554
1577,0.88532061140359,-0.16188704402757512
1578,0.884768697533495,-0.1648767778217881
1579,0.8842066873415971,-0.16786463016493788
1580,0.8836345872411385,-0.17085056696187745
1581,0.8830524037604996,-0.1738345541393187
1582,0.8824601435431251,-0.17681655764622106
1583,0.8818578133474474,-0.17979654345418014
1584,0.8812454200468106,-0.18277447755781603
1585,0.8806229706293912,-0.18575032597516136
1586,0.8799904721981185,-0.18872405474804907
1587,0.879347931970594,-0.19169562994249986
1588,0.8786953572790084,-0.1946650176491095
1589,0.8780327555700583,-0.19763218398343574
1590,0.8773601344048613,-0.20059709508638493
1591,0.8766775014588694,-0.20355971712459853
1592,0.8759848645217816,-0.20652001629083902
1593,0.8752822314974552,-0.20947795880437584
1594,0.8745696104038152,-0.21243351091137072
1595,0.8738470093727632,-0.21538663888526297
1596,0.873114436650084,-0.2183373090271543
1597,0.8723719005953526,-0.2212854876661934
1598,0.8716194096818376,-0.22423114115996007
1599,0.870856972496405,-0.22717423589484922
1600,0.8700845977394207,-0.23011473828645446
1601,0.8693022942246504,-0.23305261477995118
1602,0.8685100708791595,-0.23598783185047967
1603,0.8677079367432112,-0.23892035600352754
1604,0.8668959009701631,-0.24185015377531194
1605,0.8660739728263631,-0.2447771917331615
1606,0.8652421616910433,-0.2477014364758978
1607,0.8644004770562134,-0.2506228546342164
1608,0.8635489285265517,-0.2535414128710679
1609,0.8626875258192964,-0.2564570778820381
1610,0.8618162787641339,-0.2593698163957281
1611,0.860935197303087,-0.26227959517413413
1612,0.8600442914904016,-0.2651863810130266
1613,0.8591435714924317,-0.26809014074232923
1614,0.8582330475875235,-0.27099084122649736
1615,0.8573127301658979,-0.27388844936489615
1616,0.8563826297295325,-0.2767829320921784
1617,0.855442756892041,-0.2796742563786618
1618,0.8544931223785527,-0.28256238923070554
1619,0.8535337370255899,-0.2854472976910874
1620,0.852564611780944,-0.28832894883937943
1621,0.8515857577035509,-0.29120730979232357
1622,0.8505971859633649,-0.29408234770420716
1623,0.8495989078412306,-0.2969540297672376
1624,0.8485909347287551,-0.2998223232119167
1625,0.8475732781281772,-0.3026871953074146
1626,0.8465459496522364,-0.3055486133619435
1627,0.8455089610240408,-0.30840654472313045
1628,0.8444623240769328,-0.31126095677839
1629,0.8434060507543539,-0.3141118169552964
1630,0.8423401531097092,-0.3169590927219554
1631,0.8412646433062292,-0.31980275158737526
1632,0.8401795336168312,-0.3226427611018377
1633,0.8390848364239794,-0.32547908885726806
1634,0.8379805642195431,-0.3283117024876053
1635,0.8368667296046549,-0.33114056966917094
1636,0.8357433452895663,-0.3339656581210385
1637,0.834610424093503,-0.3367869356054014
1638,0.8334679789445182,-0.33960436992794096
1639,0.8323160228793457,-0.34241792893819384
1640,0.8311545690432508,-0.34522758052991886
1641,0.82998363068988,-0.34803329264146343
1642,0.8288032211811102,-0.3508350332561293
1643,0.8276133539868961,-0.3536327704025381
1644,0.8264140426851164,-0.356426472154996
1645,0.8252053009614192,-0.35921610663385806
1646,0.823987142609065,-0.362001642005892
1647,0.8227595815287704,-0.36478304648464166
1648,0.8215226317285487,-0.36756028833078935
1649,0.8202763073235503,-0.37033333585251843
1650,0.8190206225359015,-0.3731021574058747
1651,0.8177555916945426,-0.37586672139512745
1652,0.8164812292350638,-0.3786269962731303
1653,0.8151975496995411,-0.3813829505416809
1654,0.8139045677363695,-0.38413455275188063
1655,0.8126022981000972,-0.3868817715044931
1656,0.8112907556512556,-0.38962457545030277
1657,0.8099699553561911,-0.39236293329047267
1658,0.8086399122868934,-0.39509681377690137
1659,0.807300641620824,-0.39782618571257977
1660,0.805952158640743,-0.40055101795194686
1661,0.8045944787345343,-0.4032712794012454
1662,0.8032276173950303,-0.4059869390188765
1663,0.8018515902198355,-0.408697965815754
1664,0.8004664129111476,-0.41140432885565803
1665,0.799072101275579,-0.41410599725558805
1666,0.7976686712239762,-0.4168029401861153
1667,0.7962561387712384,-0.41949512687173446
1668,0.7948345200361344,-0.422182526591215
1669,0.7934038312411192,-0.42486510867795174
1670,0.7919640887121484,-0.4275428425203146
1671,0.790515308878492,-0.4302156975619981
1672,0.7890575082725471,-0.43288364330237017
1673,0.787590703529649,-0.43554664929681974
1674,0.7861149113878818,-0.43820468515710465
1675,0.7846301486878867,-0.44085772055169814
1676,0.7831364323726706,-0.4435057252061351
1677,0.7816337794874123,-0.44614866890335747
1678,0.780122207179268,-0.448786521484059
1679,0.7786017326971756,-0.4514192528470295
1680,0.7770723733916582,-0.4540468329494983
1681,0.7755341467146261,-0.45666923180747715
1682,0.7739870702191768,-0.45928641949610227
1683,0.7724311615593958,-0.4618983661499758
1684,0.7708664384901547,-0.4645050419635067
1685,0.7692929188669083,-0.4671064171912509
1686,0.7677106206454916,-0.4697024621482506
1687,0.7661195618819137,-0.4722931472103732
1688,0.7645197607321532,-0.47487844281464897
1689,0.76291123545195,-0.4774583194596089
1690,0.7612940043965973,-0.4800327477056211
1691,0.7596680860207321,-0.4826016981752266
1692,0.7580334988781245,-0.4851651415534748
1693,0.7563902616214666,-0.48772304858825805
1694,0.7547383930021586,-0.4902753900906452
1695,0.7530779118700957,-0.49282213693521487
1696,0.7514088371734524,-0.49536326006038767
1697,0.749731187958467,-0.49789873046875804
1698,0.7480449833692236,-0.5004285192274249
1699,0.7463502426474339,-0.502952597468322
1700,0.7446469851322173,-0.5054709363885472
1701,0.742935230259881,-0.5079835072506913
1702,0.7412149975636972,-0.5104902813831658
1703,0.7394863066736813,-0.5129912301805302
1704,0.7377491773163668,-0.5154863251038184
1705,0.736003629314581,-0.5179755376808644
1706,0.7342496825872182,-0.520458839506627
1707,0.7324873571490131,-0.5229362022435142
1708,0.7307166731103119,-0.5254075976217066
1709,0.7289376506768426,-0.5278729974394798
1710,0.7271503101494852,-0.5303323735635259
1711,0.7253546719240392,-0.5327856979292753
1712,0.7235507564909918,-0.5352329425412166
1713,0.7217385844352828,-0.5376740794732158
1714,0.719918176436071,-0.5401090808688352
1715,0.7180895532664975,-0.5425379189416514
1716,0.7162527357934487,-0.5449605659755722
1717,0.7144077449773185,-0.5473769943251529
1718,0.7125546018717687,-0.5497871764159119
1719,0.710693327623489,-0.5521910847446453
1720,0.7088239434719558,-0.5545886918797404
1721,0.7069464707491895,-0.5569799704614892
1722,0.7050609308795113,-0.5593648932024006
1723,0.7031673453792987,-0.5617434328875114
1724,0.70126573585674,-0.5641155623746973
1725,0.6993561240115876,-0.5664812545949821
1726,0.6974385316349105,-0.5688404825528471
1727,0.6955129806088455,-0.5711932193265391
1728,0.6935794929063477,-0.573539438068377
1729,0.6916380905909394,-0.5758791120050593
1730,0.6896887958164589,-0.5782122144379682
1731,0.6877316308268072,-0.5805387187434756
1732,0.6857666179556944,-0.5828585983732459
1733,0.6837937796263845,-0.5851718268545397
1734,0.6818131383514404,-0.5874783777905155
1735,0.6798247167324659,-0.5897782248605306
1736,0.6778285374598484,-0.5920713418204423
1737,0.6758246233124999,-0.5943577025029068
1738,0.6738129971575971,-0.5966372808176776
1739,0.6717936819503203,-0.598910050751904
1740,0.6697667007335916,-0.601175986370427
1741,0.6677320766378119,-0.6034350618160761
1742,0.6656898328805968,-0.6056872513099639
1743,0.663639992766512,-0.6079325291517803
1744,0.6615825796868071,-0.6101708697200857
1745,0.6595176171191488,-0.6124022474726039
1746,0.6574451286273528,-0.6146266369465125
1747,0.655365137861115,-0.6168440127587348
1748,0.6532776685557421,-0.6190543496062284
1749,0.6511827445318797,-0.6212576222662746
1750,0.6490803896952416,-0.6234538055967658
1751,0.6469706280363363,-0.6256428745364924
1752,0.6448534836301935,-0.6278248041054291
1753,0.6427289806360891,-0.6299995694050198
1754,0.64059714329727,-0.6321671456184618
1755,0.6384579959406772,-0.6343275080109887
1756,0.6363115629766679,-0.6364806319301528
1757,0.6341578688987375,-0.6386264928061067
1758,0.6319969382832397,-0.6407650661518834
1759,0.6298287957891061,-0.6428963275636758
1760,0.6276534661575651,-0.6450202527211147
1761,0.6254709742118593,-0.6471368173875476
1762,0.6232813448569622,-0.6492459974103136
1763,0.6210846030792941,-0.6513477687210205
1764,0.6188807739464371,-0.6534421073358184
1765,0.616669882606849,-0.6555289893556739
1766,0.6144519542895758,-0.657608390966643
1767,0.6122270143039648,-0.6596802884401421
1768,0.6099950880393749,-0.6617446581332195
1769,0.6077562009648872,-0.6638014764888248
1770,0.6055103786290147,-0.665850720036078
1771,0.6032576466594101,-0.6678923653905371
1772,0.6009980307625739,-0.6699263892544648
1773,0.5987315567235606,-0.671952768417095
1774,0.5964582504056851,-0.6739714797548969
1775,0.594178137750227,-0.6759825002318394
1776,0.5918912447761345,-0.6779858068996537
1777,0.5895975975797282,-0.6799813768980952
1778,0.5872972223344025,-0.6819691874552046
1779,0.5849901452903276,-0.6839492158875673
1780,0.5826763927741492,-0.6859214396005727
1781,0.580355991188689,-0.6878858360886719
1782,0.5780289670126426,-0.6898423829356343
1783,0.5756953468002779,-0.6917910578148034
1784,0.5733551571811316,-0.6937318384893524
1785,0.5710084248597058,-0.6956647028125366
1786,0.568655176615163,-0.6975896287279469
1787,0.5662954393010204,-0.6995065942697619
1788,0.563929239844844,-0.7014155775629977
1789,0.5615566052479406,-0.7033165568237576
1790,0.5591775625850501,-0.7052095103594814
1791,0.5567921390040367,-0.7070944165691925
1792,0.5544003617255785,-0.7089712539437442
1793,0.5520022580428576,-0.7108400010660653
1794,0.5495978553212483,-0.7127006366114047
1795,0.5471871809980047,-0.7145531393475745
1796,0.5447702625819477,-0.7163974881351923
1797,0.5423471276531514,-0.7182336619279227
1798,0.539917803862628,-0.720061639772717
1799,0.5374823189320121,-0.7218814008100528
1800,0.535040700653245,-0.7236929242741716
1801,0.5325929768882571,-0.7254961894933162
1802,0.5301391755686501,-0.727291175889966
1803,0.5276793246953781,-0.7290778629810722
1804,0.5252134523384284,-0.7308562303782918
1805,0.5227415866365008,-0.7326262577882199
1806,0.5202637557966868,-0.734387925012621
1807,0.5177799880941475,-0.7361412119486601
1808,0.5152903118717912,-0.7378860985891318
1809,0.5127947555399498,-0.7396225650226884
1810,0.5102933475760546,-0.7413505914340677
1811,0.5077861165243113,-0.7430701581043183
1812,0.5052730909953744,-0.7447812454110254
1813,0.5027542996660209,-0.7464838338285343
1814,0.5002297712788223,-0.7481779039281734
1815,0.49769953464181754,-0.7498634363784756
1816,0.49516361862818387,-0.7515404119453993
1817,0.4926220521759071,-0.7532088114925475
1818,0.4900748642874519,-0.7548686159813863
1819,0.48752208402943037,-0.7565198064714626
1820,0.4849637405322707,-0.7581623641206193
1821,0.4823998629898846,-0.7597962701852113
1822,0.47983048065933415,-0.7614215060203189
1823,0.477255622860498,-0.7630380530799602
1824,0.4746753189757367,-0.7646458929173037
1825,0.4720895984495577,-0.7662450071848778
1826,0.4694984907882789,-0.7678353776347808
1827,0.46690202555969224,-0.769416986118889
1828,0.4643002323927262,-0.7709898145890635
1829,0.46169314097710784,-0.7725538450973566
1830,0.4590807810630238,-0.7741090597962164
1831,0.45646318246078094,-0.7756554409386902
1832,0.45384037504046604,-0.7771929708786276
1833,0.45121238873160513,-0.7787216320708813
1834,0.4485792535228219,-0.7802414070715076
1835,0.44594099946149535,-0.7817522785379655
1836,0.443297656653417,-0.7832542292293143
1837,0.4406492552624476,-0.7847472420064109
1838,0.4379958255101723,-0.7862312998321046
1839,0.43533739767555646,-0.7877063857714323
1840,0.4326740020945997,-0.7891724829918112
1841,0.43000566915998994,-0.790629574763231
1842,0.42733242932075644,-0.7920776444584451
1843,0.4246543130819224,-0.79351667555316
1844,0.42197135100415695,-0.7949466516262238
1845,0.4192835737034263,-0.7963675563598142
1846,0.4165910118506443,-0.7977793735396239
1847,0.41389369617132266,-0.7991820870550461
1848,0.4111916574452201,-0.8005756808993583
1849,0.40848492650599144,-0.8019601391699048
1850,0.4057735342408353,-0.8033354460682784
1851,0.4030575115901421,-0.8047015859005006
1852,0.4003368895471406,-0.8060585430772003
1853,0.39761169915754446,-0.8074063021137924
1854,0.39488197151919796,-0.8087448476306539
1855,0.3921477377817211,-0.8100741643532997
1856,0.389409029146154,-0.8113942371125568
1857,0.3866658768646011,-0.8127050508447375
1858,0.3839183122398743,-0.8140065905918112
1859,0.38116636662513614,-0.8152988415015752
1860,0.37841007142354144,-0.8165817888278237
1861,0.3756494580878794,-0.8178554179305171
1862,0.3728845581202146,-0.8191197142759479
1863,0.3701154030715274,-0.8203746634369073
1864,0.367342024541354,-0.8216202510928498
1865,0.3645644541774259,-0.8228564630300559
1866,0.3617827236753086,-0.8240832851417953
1867,0.35899686477804,-0.8253007034284872
1868,0.3562069092757682,-0.8265087039978604
1869,0.3534128890053887,-0.8277072730651114
1870,0.3506148358501811,-0.8288963969530623
1871,0.3478127817394453,-0.8300760620923164
1872,0.3450067586481371,-0.8312462550214131
1873,0.3421967985965034,-0.8324069623869819
1874,0.3393829336497167,-0.8335581709438941
1875,0.3365651959175094,-0.8346998675554147
1876,0.33374361755380694,-0.8358320391933516
1877,0.33091823075636145,-0.836954672938205
1878,0.3280890677663841,-0.8380677559793142
1879,0.32525616086817694,-0.8391712756150039
1880,0.32241954238876486,-0.8402652192527296
1881,0.3195792446975265,-0.8413495744092206
1882,0.316735300205825,-0.8424243287106232
1883,0.313887741366638,-0.8434894698926412
1884,0.3110366006741874,-0.8445449858006762
1885,0.3081819106635686,-0.8455908643899663
1886,0.30532370391037905,-0.8466270937257236
1887,0.30246201303034675,-0.8476536619832704
1888,0.29959687067895796,-0.8486705574481737
1889,0.2967283095510845,-0.8496777685163792
1890,0.29385636238061075,-0.8506752836943442
1891,0.2909810619400602,-0.8516630915991679
1892,0.28810244104022115,-0.8526411809587218
1893,0.2852205325297727,-0.8536095406117781
1894,0.28233536929490954,-0.8545681595081371
1895,0.279446984258967,-0.8555170267087537
1896,0.27655541038204523,-0.8564561313858616
1897,0.2736606806606329,-0.8573854628230974
1898,0.2707628281272309,-0.8583050104156222
1899,0.2678618858499754,-0.8592147636702435
1900,0.2649578869322603,-0.8601147122055344
1901,0.2620508645123597,-0.861004845751952
1902,0.2591408517630497,-0.8618851541519549
1903,0.25622788189122964,-0.8627556273601187
1904,0.25331198813754346,-0.8636162554432513
1905,0.2503932037760003,-0.8644670285805054
1906,0.24747156211359458,-0.8653079370634914
1907,0.24454709648992634,-0.8661389712963876
1908,0.24161984027682046,-0.86696012179605
1909,0.23868982687794593,-0.8677713791921201
1910,0.23575708972843476,-0.8685727342271324
1911,0.2328216622945003,-0.8693641777566198
1912,0.22988357807305546,-0.8701457007492178
1913,0.22694287059133042,-0.8709172942867679
1914,0.22399957340649007,-0.8716789495644188
1915,0.22105372010525104,-0.8724306578907275
1916,0.21810534430349848,-0.873172410687758
1917,0.21515447964590242,-0.8739041994911796
1918,0.2122011598055339,-0.8746260159503632
1919,0.2092454184834806,-0.8753378518284763
1920,0.20628728940846244,-0.8760396990025782
1921,0.20332680633644654,-0.876731549463711
1922,0.20036400305026209,-0.8774133953169925
1923,0.19739891335921483,-0.8780852287817053
1924,0.1944315710987013,-0.8787470421913858
1925,0.1914620101298226,-0.8793988279939121
1926,0.18849026433899818,-0.8800405787515898
1927,0.18551636763757895,-0.8806722871412369
1928,0.1825403539614605,-0.8812939459542675
1929,0.17956225727069572,-0.8819055480967739
1930,0.1765821115491073,-0.8825070865896077
1931,0.17359995080389995,-0.8830985545684594
1932,0.17061580906527232,-0.8836799452839367
1933,0.16762972038602875,-0.8842512521016413
1934,0.16464171884119053,-0.8848124685022454
1935,0.16165183852760717,-0.885363588081565
1936,0.15866011356356735,-0.8859046045506337
1937,0.15566657808840945,-0.8864355117357742
1938,0.15267126626213212,-0.8869563035786688
1939,0.14967421226500435,-0.8874669741364289
1940,0.14667545029717552,-0.887967517581662
1941,0.14367501457828508,-0.8884579282025391
1942,0.1406729393470721,-0.888938200402859
1943,0.13766925886098452,-0.8894083287021128
1944,0.13466400739578832,-0.8898683077355466
1945,0.13165721924517623,-0.8903181322542217
1946,0.1286489287203766,-0.8907577971250759
1947,0.12563917014976161,-0.8911872973309806
1948,0.1226279778784558,-0.8916066279707994
1949,0.119615386267944,-0.892015784259443
1950,0.11660142969567927,-0.8924147615279244
1951,0.11358614255469059,-0.892803555223412
1952,0.1105695592531904,-0.8931821609092817
1953,0.10755171421418194,-0.893550574265167
1954,0.10453264187506649,-0.893908791087009
1955,0.10151237668725036,-0.894256807287104
1956,0.09849095311575173,-0.8945946188941502
1957,0.09546840563880743,-0.8949222220532927
1958,0.09244476874747944,-0.8952396130261685
1959,0.08942007694526133,-0.8955467881909479
1960,0.08639436474768454,-0.8958437440423765
1961,0.0833676666819245,-0.8961304771918153
1962,0.08034001728640662,-0.8964069843672788
1963,0.07731145111041218,-0.8966732624134732
1964,0.0742820027136841,-0.8969293082918315
1965,0.0712517066660325,-0.8971751190805486
1966,0.06822059754694032,-0.897410691974615
1967,0.06518870994516862,-0.8976360242858481
1968,0.0637085287971768,-0.8977422922857752
1969,0.06370852879717682,-0.8977422922857752
1970,0.06370852879717684,-0.8977422922857752
1971,0.06370852879717727,-0.8977422922857752
1972,0.06370852879717696,-0.8977422922857752
1973,0.0637085287971769,-0.8977422922857752
1974,0.06370852879717677,-0.8977422922857752
1975,0.0637085287971771,-0.8977422922857752
1976,0.06370852879717664,-0.8977422922857752
1977,0.06370852879717628,-0.8977422922857752
1978,0.06370852879717655,-0.8977422922857752
1979,0.06370852879717694,-0.8977422922857752
1980,0.06370852879717707,-0.8977422922857752
1981,0.063708528797177,-0.8977422922857752
1982,0.06370852879717746,-0.8977422922857752
1983,0.06370852879717735,-0.8977422922857752
1984,0.06370852879717782,-0.8977422922857752
1985,0.06370852879717784,-0.8977422922857752
1986,0.06370852879717824,-0.8977422922857752
1987,0.06370852879717843,-0.8977422922857752
1988,0.06370852879717841,-0.8977422922857752
1989,0.06370852879717835,-0.8977422922857752
1990,0.0637085287971788,-0.8977422922857752
1991,0.06370852879717928,-0.8977422922857752
1992,0.0637085287971795,-0.8977422922857752
1993,0.06370852879717981,-0.8977422922857752
1994,0.06370852879717968,-0.8977422922857752
1995,0.06370852879717998,-0.8977422922857752
1996,0.0637085287971795,-0.8977422922857752
1997,0.06370852879717943,-0.8977422922857752
1998,0.06370852879717968,-0.8977422922857752
1999,0.0637085287971795,-0.8977422922857752
2000,0.06370852879717978,-0.8977422922857752
2001,0.06370852879717964,-0.8977422922857752
2002,0.06370852879717984,-0.8977422922857752
2003,0.06370852879717935,-0.8977422922857752
2004,0.06370852879717977,-0.8977422922857752
2005,0.0637085287971799,-0.8977422922857752
2006,0.06370852879718024,-0.8977422922857752
2007,0.06370852879718049,-0.8977422922857752
2008,0.06370852879718017,-0.8977422922857752
2009,0.06370852879718003,-0.8977422922857752
2010,0.06370852879717975,-0.8977422922857752
2011,0.06370852879717943,-0.8977422922857752
2012,0.06370852879717917,-0.8977422922857752
2013,0.06370852879717964,-0.8977422922857752
2014,0.0637085287971797,-0.8977422922857752
2015,0.06370852879717999,-0.8977422922857752
2016,0.06370852879717952,-0.8977422922857752
2017,0.06370852879717931,-0.8977422922857752
2018,0.06370852879717902,-0.8977422922857752
2019,0.06370852879717853,-0.8977422922857752
2020,0.06370852879717874,-0.8977422922857752
2021,0.06370852879717896,-0.8977422922857752
2022,0.06370852879717878,-0.8977422922857752
2023,0.06370852879717873,-0.8977422922857752
2024,0.06370852879717882,-0.8977422922857752
2025,0.06370852879717837,-0.8977422922857752
2026,0.06370852879717866,-0.8977422922857752
2027,0.06370852879717856,-0.8977422922857752
2028,0.06370852879717835,-0.8977422922857752
2029,0.06674078382295039,-0.8975219594944278
2030,0.06977227725257562,-0.897291384850545
2031,0.07280297449290751,-0.897050570985273
2032,0.07583284095988505,-0.8967995206466002
2033,0.07886184207892738,-0.8965382366993264
2034,0.08188994328532835,-0.8962667221250296
2035,0.08491711002465094,-0.8959849800220318
2036,0.08794330775312159,-0.8956930136053641
2037,0.09096850193802436,-0.8953908262067302
2038,0.093992658058095,-0.8950784212744676
2039,0.09701574160391487,-0.8947558023735088
2040,0.10003771807830476,-0.8944229731853408
2041,0.10305855299671857,-0.8940799375079623
2042,0.10607821188763673,-0.8937266992558413
2043,0.10909666029295965,-0.8933632624598696
2044,0.1121138637684009,-0.8929896312673176
2045,0.11512978788388027,-0.8926058099417861
2046,0.11814439822391662,-0.8922118028631586
2047,0.12115766038802067,-0.8918076145275505
2048,0.12416953999108751,-0.8913932495472584
2049,0.127180002663789,-0.8909687126507069
2050,0.13018901405296593,-0.890534008682395
2051,0.13319653982202007,-0.8900891426028408
2052,0.136202545651306,-0.8896341194885249
2053,0.1392069972385227,-0.8891689445318325
2054,0.14220986029910498,-0.8886936230409939
2055,0.1452111005666148,-0.888208160440024
2056,0.14821068379313213,-0.887712562268661
2057,0.15120857574964597,-0.887206834182302
2058,0.15420474222644473,-0.8866909819519395
2059,0.1571991490335068,-0.8861650114640954
2060,0.16019176200089055,-0.8856289287207533
2061,0.16318254697912435,-0.8850827398392903
2062,0.1661714698395962,-0.8845264510524076
2063,0.16915849647494316,-0.8839600687080585
2064,0.17214359279944072,-0.883383599269377
2065,0.17512672474939153,-0.8827970493146031
2066,0.17810785828351425,-0.8822004255370084
2067,0.18108695938333202,-0.8815937347448192
2068,0.18406399405356055,-0.8809769838611392
2069,0.1870389283224961,-0.8803501799238705
2070,0.1900117282424032,-0.8797133300856332
2071,0.19298235988990195,-0.8790664416136835
2072,0.19595078936635515,-0.878409521889831
2073,0.19891698279825518,-0.8777425784103549
2074,0.20188090633761044,-0.8770656187859175
2075,0.2048425261623317,-0.8763786507414782
2076,0.20780180847661797,-0.8756816821162051
2077,0.2107587195113422,-0.8749747208633852
2078,0.21371322552443664,-0.8742577750503343
2079,0.21666529280127786,-0.8735308528583041
2080,0.21961488765507142,-0.8727939625823898
2081,0.22256197642723638,-0.8720471126314346
2082,0.22550652548778932,-0.8712903115279343
2083,0.22844850123572816,-0.8705235679079397
2084,0.23138787009941547,-0.8697468905209583
2085,0.2343245985369617,-0.8689602882298544
2086,0.23725865303660781,-0.8681637700107477
2087,0.24019000011710787,-0.8673573449529114
2088,0.2431186063281109,-0.8665410222586678
2089,0.2460444382505427,-0.8657148112432841
2090,0.24896746249698726,-0.8648787213348651
2091,0.25188764571206756,-0.8640327620742467
2092,0.2548049545728264,-0.8631769431148865
2093,0.25771935578910654,-0.8623112742227531
2094,0.26063081610393063,-0.8614357652762157
2095,0.2635393022938807,-0.8605504262659306
2096,0.2664447811694772,-0.8596552672947277
2097,0.26934721957555796,-0.8587502985774949
2098,0.2722465843916563,-0.8578355304410614
2099,0.275142842532379,-0.8569109733240805
2100,0.27803596094778404,-0.8559766377769097
2101,0.28092590662375755,-0.8550325344614909
2102,0.2838126465823905,-0.8540786741512282
2103,0.2866961478823553,-0.8531150677308657
2104,0.2895763776192814,-0.8521417261963624
2105,0.2924533029261309,-0.8511586606547675
2106,0.29532689097357373,-0.8501658823240932
2107,0.29819710897036195,-0.8491634025331868
2108,0.30106392416370426,-0.8481512327216015
2109,0.3039273038396395,-0.847129384439466
2110,0.3067872153234102,-0.8460978693473519
2111,0.3096436259798353,-0.8450566992161418
2112,0.3124965032136825,-0.8440058859268944
2113,0.31534581447004034,-0.8429454414707086
2114,0.3181915272346897,-0.8418753779485872
2115,0.32103360903447453,-0.8407957075712987
2116,0.323872027437673,-0.8397064426592379
2117,0.326706750054367,-0.838607595642285
2118,0.329537744536812,-0.8374991790596643
2119,0.3323649785798063,-0.8363812055598009
2120,0.3351884199210593,-0.835253687900176
2121,0.3380080363415601,-0.834116638947182
2122,0.3408237956659449,-0.8329700716759753
2123,0.3436356657628642,-0.8318139991703278
2124,0.3464436145453494,-0.8306484346224788
2125,0.3492476099711791,-0.8294733913329831
2126,0.3520476200432447,-0.8282888827105602
2127,0.35484361280991533,-0.8270949222719408
2128,0.3576355563654028,-0.8258915236417127
2129,0.36042341885012535,-0.8246787005521654
2130,0.3632071684510715,-0.8234564668431331
2131,0.36598677340216285,-0.8222248364618372
2132,0.3687622019846167,-0.8209838234627268
2133,0.37153342252730787,-0.8197334420073186
2134,0.3743004034071304,-0.8184737063640349
2135,0.37706311304935797,-0.8172046309080414
2136,0.3798215199280046,-0.8159262301210823
2137,0.3825755925661843,-0.8146385185913161
2138,0.38532529953646993,-0.8133415110131481
2139,0.3880706094612523,-0.8120352221870634
2140,0.39081149101309814,-0.8107196670194576
2141,0.3935479129151072,-0.8093948605224673
2142,0.39627984394126964,-0.808060817813798
2143,0.3990072529168221,-0.8067175541165522
2144,0.40173010871860343,-0.8053650847590552
2145,0.40444838027541,-0.8040034251746807
2146,0.4071620365683502,-0.8026325909016743
2147,0.4098710466311982,-0.8012525975829764
2148,0.4125753795507477,-0.7998634609660435
2149,0.41527500446716425,-0.7984651969026688
2150,0.4179698905743379,-0.7970578213488009
2151,0.4206600071202343,-0.795641350364362
2152,0.42334532340724573,-0.7942158001130647
2153,0.4260258087925416,-0.7927811868622274
2154,0.4287014326884178,-0.7913375269825886
2155,0.43137216456264615,-0.7898848369481203
2156,0.4340379739388224,-0.7884231333358398
2157,0.43669883039671414,-0.7869524328256209
2158,0.43935470357260814,-0.7854727522000028
2159,0.4420055631596566,-0.7839841083439997
2160,0.4446513789082231,-0.7824865182449071
2161,0.44729212062622764,-0.7809799989921085
2162,0.44992775817949143,-0.7794645677768802
2163,0.4525582614920805,-0.7779402418921953
2164,0.4551836005466491,-0.7764070387325261
2165,0.457803745384782,-0.7748649757936459
2166,0.4604186661073367,-0.7733140706724291
2167,0.4630283328747843,-0.7717543410666504
2168,0.46563271590755007,-0.7701858047747834
2169,0.46823178548635347,-0.7686084796957964
2170,0.47082551195254707,-0.7670223838289492
2171,0.47341386570845506,-0.7654275352735873
2172,0.475996817217711,-0.7638239522289354
2173,0.4785743370055949,-0.7622116529938894
2174,0.48114639565936945,-0.7605906559668081
2175,0.48371296382861584,-0.7589609796453031
2176,0.4862740122255685,-0.7573226426260273
2177,0.4888295116254494,-0.7556756636044637
2178,0.49137943286680164,-0.7540200613747107
2179,0.49392374685182194,-0.7523558548292685
2180,0.49646242454669304,-0.7506830629588236
2181,0.49899543698191473,-0.7490017048520317
2182,0.5015227552526346,-0.7473117996952999
2183,0.5040443505189776,-0.7456133667725682
2184,0.5065601940063754,-0.7439064254650887
2185,0.509070257005895,-0.742190995251205
2186,0.5115745108745658,-0.7404670957061299
2187,0.5140729270357066,-0.7387347465017219
2188,0.5165654769792519,-0.7369939674062606
2189,0.519052132262077,-0.7352447782842212
2190,0.5215328645083227,-0.7334871990960482
2191,0.5240076454097192,-0.7317212498979269
2192,0.526476446725909,-0.7299469508415549
2193,0.5289392402847691,-0.7281643221739127
2194,0.5313959979827325,-0.7263733842370315
2195,0.5338466917851091,-0.724574157467762
2196,0.5362912937264054,-0.7227666623975408
2197,0.5387297759106435,-0.7209509196521565
2198,0.5411621105116801,-0.7191269499515136
2199,0.5435882697735229,-0.7172947741093966
2200,0.5460082260106485,-0.7154544130332325
2201,0.5484219516083174,-0.713605887723852
2202,0.55082941902289,-0.7117492192752501
2203,0.55323060078214,-0.7098844288743451
2204,0.5556254694855686,-0.7080115378007369
2205,0.5580139978047166,-0.7061305674264644
2206,0.5603961584834768,-0.7042415392157614
2207,0.5627719243384046,-0.7023444747248118
2208,0.5651412682590286,-0.7004393956015035
2209,0.5675041632081594,-0.6985263235851814
2210,0.5698605822221988,-0.6966052805063995
2211,0.5722104984114469,-0.6946762882866713
2212,0.5745538849604094,-0.6927393689382202
2213,0.5768907151281033,-0.690794544563728
2214,0.5792209622483621,-0.6888418373560831
2215,0.58154459973014,-0.6868812695981263
2216,0.583861601057816,-0.684912863662398
2217,0.5861719397914954,-0.6829366420108812
2218,0.5884755895673122,-0.6809526271947466
2219,0.5907725240977298,-0.6789608418540942
2220,0.5930627171718412,-0.676961308717696
2221,0.5953461426556679,-0.6749540506027356
2222,0.5976227744924576,-0.6729390904145488
2223,0.5998925867029825,-0.6709164511463612
2224,0.6021555533858353,-0.6688861558790267
2225,0.6044116487177245,-0.6668482277807635
2226,0.6066608469537694,-0.6648026901068903
2227,0.6089031224277942,-0.6627495661995604
2228,0.6111384495526201,-0.6606888794874956
2229,0.6133668028203577,-0.6586206534857187
2230,0.6155881568026983,-0.6565449117952856
2231,0.6178024861512036,-0.6544616781030153
2232,0.6200097655975954,-0.6523709761812199
2233,0.6222099699540435,-0.6502728298874336
2234,0.6244030741134536,-0.6481672631641402
2235,0.6265890530497535,-0.6460543000385
2236,0.6287678818181788,-0.6439339646220751
2237,0.630939535555557,-0.6418062811105552
2238,0.6331039894805925,-0.6396712737834808
2239,0.6352612188941481,-0.6375289670039663
2240,0.6374111991795274,-0.6353793852184221
2241,0.6395539058027556,-0.6332225529562755
2242,0.6416893143128598,-0.6310584948296908
2243,0.6438174003421476,-0.6288872355332885
2244,0.6459381396064852,-0.6267087998438637
2245,0.6480515079055745,-0.6245232126201029
2246,0.6501574811232298,-0.6223304988023005
2247,0.6522560352276522,-0.6201306834120747
2248,0.6543471462717043,-0.6179237915520811
2249,0.6564307903931835,-0.6157098484057271
2250,0.6585069438150939,-0.6134888792368839
2251,0.660575582845918,-0.6112609093895983
2252,0.6626366838798871,-0.6090259642878041
2253,0.6646902233972503,-0.606784069435031
2254,0.6667361779645432,-0.6045352504141145
2255,0.6687745242348552,-0.6022795328869033
2256,0.6708052389480957,-0.6000169425939667
2257,0.6728282989312603,-0.597747505354301
2258,0.674843681098694,-0.5954712470650348
2259,0.6768513624523557,-0.5931881937011334
2260,0.6788513200820803,-0.5908983713151023
2261,0.68084353116584,-0.5886018060366902
2262,0.6828279729700046,-0.5862985240725906
2263,0.6848046228496015,-0.5839885517061429
2264,0.6867734582485737,-0.5816719152970324
2265,0.688734456700037,-0.5793486412809893
2266,0.6906875958265367,-0.5770187561694873
2267,0.692632853340303,-0.5746822865494411
2268,0.6945702070435049,-0.5723392590829028
2269,0.6964996348285042,-0.5699897005067581
2270,0.6984211146781071,-0.5676336376324204
2271,0.7003346246658158,-0.5652710973455254
2272,0.7022401429560786,-0.5629021066056245
2273,0.7041376478045392,-0.5605266924458765
2274,0.7060271175582847,-0.5581448819727398
2275,0.7079085306560926,-0.5557567023656625
2276,0.7097818656286771,-0.5533621808767729
2277,0.7116471010989338,-0.5509613448305677
2278,0.713504215782184,-0.5485542216236007
2279,0.7153531884864173,-0.5461408387241703
2280,0.7171939981125333,-0.5437212236720058
2281,0.7190266236545829,-0.5412954040779531
2282,0.7208510442000076,-0.5388634076236598
2283,0.7226672389298779,-0.5364252620612592
2284,0.7244751871191316,-0.5339809952130536
2285,0.7262748681368095,-0.531530634971197
2286,0.7280662614462916,-0.5290742092973764
2287,0.7298493466055309,-0.5266117462224931
2288,0.7316241032672867,-0.524143273846343
2289,0.733390511179357,-0.5216688203372953
2290,0.7351485501848096,-0.5191884139319718
2291,0.7368982002222119,-0.5167020829349239
2292,0.7386394413258599,-0.5142098557183103
2293,0.7403722536260063,-0.5117117607215731
2294,0.742096617349087,-0.5092078264511128
2295,0.7438125128179468,-0.5066980814799634
2296,0.7455199204520637,-0.5041825544474666
2297,0.7472188207677726,-0.5016612740589445
2298,0.7489091943784878,-0.49913426908537195
2299,0.7505910219949238,-0.49660156836304886
2300,0.7522642844253158,-0.4940632007932707
2301,0.7539289625756384,-0.4915191953419988
2302,0.7555850374498235,-0.48896958103952964
2303,0.7572324901499775,-0.4864143869801639
2304,0.7588713018765963,-0.4838536423218742
2305,0.7605014539287805,-0.4812873762859725
2306,0.7621229277044482,-0.4787156181567767
2307,0.7637357047005476,-0.47613839728127627
2308,0.7653397665132681,-0.47355574306879744
2309,0.7669350948382502,-0.4709676849906677
2310,0.7685216714707945,-0.4683742525798795
2311,0.7700994783060696,-0.46577547543075304
2312,0.7716684973393182,-0.46317138319859874
2313,0.773228710666063,-0.4605620055993789
2314,0.7747801004823109,-0.45794737240936834
2315,0.7763226490847562,-0.4553275134648148
2316,0.7778563388709822,-0.45270245866159853
2317,0.7793811523396628,-0.450072237954891
2318,0.7808970720907615,-0.4474368813588131
2319,0.7824040808257307,-0.44479641894609273
2320,0.7839021613477083,-0.4421508808477215
2321,0.7853912965617147,-0.4395002972526109
2322,0.7868714694748471,-0.43684469840724816
2323,0.788342663196474,-0.43418411461535045
2324,0.7898048609384275,-0.4315185762375197
2325,0.7912580460151956,-0.4288481136908958
2326,0.7927022018441118,-0.42617275744880956
2327,0.7941373119455447,-0.42349253804043496
2328,0.7955633599430862,-0.420807486050441
2329,0.796980329563738,-0.4181176321186423
2330,0.7983882046380973,-0.4154230069396498
2331,0.7997869691005419,-0.41272364126252026
2332,0.8011766069894128,-0.4100195658904056
2333,0.8025571024471969,-0.40731081168020117
2334,0.8039284397207075,-0.40459740954219375
2335,0.8052906031612643,-0.40187939043970883
2336,0.8066435772248722,-0.39915678538875726
2337,0.8079873464723983,-0.39642962545768134
2338,0.8093218955697481,-0.39369794176680023
2339,0.8106472092880406,-0.39096176548805495
2340,0.8119632725037822,-0.38822112784465246
2341,0.8132700701990391,-0.38547606011070956
2342,0.8145675874616086,-0.38272659361089606
2343,0.8158558094851897,-0.379972759720077
2344,0.8171347215695514,-0.377214589862955
2345,0.818404309120701,-0.3744521155137113
2346,0.8196645576510502,-0.3716853681956472
2347,0.820915452779581,-0.36891437948082345
2348,0.8221569802320093,-0.36613918098970083
2349,0.823389125840948,-0.36335980439077875
2350,0.8246118755460685,-0.3605762814002341
2351,0.8258252153942612,-0.3577886437815594
2352,0.8270291315397951,-0.35499692334520017
2353,0.828223610244475,-0.352201151948192
2354,0.8294086378777993,-0.34940136149379714
2355,0.8305842009171146,-0.34659758393114015
2356,0.8317502859477706,-0.3437898512548437
2357,0.8329068796632727,-0.3409781955046631
2358,0.8340539688654345,-0.33816264876512087
2359,0.8351915404645277,-0.3353432431651408
2360,0.8363195814794322,-0.3325200108776809
2361,0.8374380790377834,-0.3296929841193666
2362,0.8385470203761198,-0.32686219515012294
2363,0.8396463928400283,-0.3240276762728066
2364,0.8407361838842885,-0.3211894598328371
2365,0.8418163810730163,-0.3183475782178279
2366,0.8428869720798055,-0.3155020638572166
2367,0.8439479446878682,-0.31265294922189507
2368,0.8449992867901749,-0.3098002668238388
2369,0.846040986389592,-0.306944049215736
2370,0.8470730315990193,-0.3040843289906158
2371,0.8480954106415246,-0.301221138781477
2372,0.8491081118504796,-0.298354511260915
2373,0.8501111236696919,-0.29548447914074927
2374,0.8511044346535371,-0.2926110751716501
2375,0.8520880334670897,-0.28973433214276473
2376,0.8530619088862522,-0.28685428288134335
2377,0.8540260497978831,-0.2839709602523644
2378,0.854980445199924,-0.28108439715815947
2379,0.855925084201525,-0.27819462653803806
2380,0.856859956023169,-0.27530168136791144
2381,0.8577850499967946,-0.2724055946599166
2382,0.858700355565918,-0.26950639946203936
2383,0.8596058622857532,-0.26660412885773727
2384,0.8605015598233317,-0.2636988159655622
2385,0.8613874379576199,-0.26079049393878234
2386,0.8622634865796358,-0.25787919596500386
2387,0.8631296956925646,-0.25496495526579216
2388,0.8639860554118728,-0.252047805096293
2389,0.8648325559654206,-0.24912777874485265
2390,0.8656691876935738,-0.2462049095326384
2391,0.8664959410493139,-0.24327923081325806
2392,0.8673128065983471,-0.2403507759723794
2393,0.8681197750192116,-0.23741957842734934
2394,0.8689168371033844,-0.23448567162681244
2395,0.8697039837553864,-0.23154908905032925
2396,0.8704812059928859,-0.2286098642079943
2397,0.8712484949468013,-0.22566803064005372
2398,0.8720058418614022,-0.2227236219165224
2399,0.8727532380944092,-0.21977667163680106
2400,0.8734906751170929,-0.21682721342929276
2401,0.8742181445143709,-0.21387528095101913
2402,0.8749356379849039,-0.21092090788723636
2403,0.8756431473411905,-0.20796412795105076
2404,0.8763406645096606,-0.20500497488303412
2405,0.8770281815307673,-0.2020434824508386
2406,0.8777056905590783,-0.19907968444881152
2407,0.8783731838633647,-0.19611361469760955
2408,0.87903065382669,-0.19314530704381289
2409,0.8796780929464961,-0.19017479535953905
2410,0.8803154938346899,-0.1872021135420563
2411,0.8809428492177268,-0.1842272955133968
2412,0.8815601519366941,-0.18125037521996967
2413,0.8821673949473927,-0.17827138663217343
2414,0.8827645713204174,-0.1752903637440084
2415,0.8833516742412358,-0.17230734057268887
2416,0.8839286970102666,-0.16932235115825492
2417,0.8844956330429553,-0.16633542956318384
2418,0.8850524758698499,-0.16334660987200159
2419,0.8855992191366746,-0.16035592619089375
2420,0.8861358566044022,-0.15736341264731643
2421,0.8866623821493254,-0.15436910338960672
2422,0.8871787897631264,-0.15137303258659304
2423,0.887685073552946,-0.1483752344272053
2424,0.8881812277414506,-0.1453757431200847
2425,0.8886672466668977,-0.14237459289319335
2426,0.8891431247832012,-0.13937181799342377
2427,0.8896088566599943,-0.136367452686208
2428,0.8900644369826913,-0.13336153125512668
2429,0.8905098605525489,-0.1303540880015177
2430,0.8909451222867246,-0.1273451572440849
2431,0.8913702172183358,-0.12433477331850643
2432,0.8917851404965152,-0.12132297057704286
2433,0.8921898873864675,-0.11830978338814525
2434,0.8925844532695223,-0.11529524613606296
2435,0.8929688336431875,-0.11227939322045123
2436,0.8933430241212003,-0.10926225905597872
2437,0.8937070204335776,-0.10624387807193472
2438,0.8940608184266644,-0.10322428471183631
2439,0.8944044140631814,-0.10020351343303528
2440,0.8947378034222708,-0.09718159870632496
2441,0.8950609826995416,-0.09415857501554688
2442,0.8953739482071122,-0.09113447685719722
2443,0.8956766963736533,-0.0881093387400332
2444,0.8959692237444282,-0.08508319518467924
2445,0.8962515269813323,-0.08205608072323313
2446,0.896523602862931,-0.07902802989887187
2447,0.8967854482844971,-0.07599907726545754
2448,0.8970370602580455,-0.07296925738714302
2449,0.8972784359123677,-0.06993860483797754
2450,0.8975095724930641,-0.0669071542015121
2451,0.8977304673625763,-0.06387494007040495
2452,0.8979411180002165,-0.06084199704602673
2453,0.8981415220021963,-0.05780835973806568
2454,0.8983316770816546,-0.054774062764132686
2455,0.8985115810686831,-0.051739140749366246
2456,0.8986812319103513,-0.04870362832603736
2457,0.8988406276707303,-0.04566756013315434
2458,0.8989897665309139,-0.04263097081606751
2459,0.8991286467890408,-0.0395938950260739
2460,0.8992572668603127,-0.036556367420021774
2461,0.8993756252770133,-0.03351842265991522
2462,0.8994837206885243,-0.03048009541251855
2463,0.8995815518613414,-0.027441420348960754
2464,0.8996691176790879,-0.02440243214433983
2465,0.8997464171425279,-0.021363165477327112
2466,0.8998134493695776,-0.018323655029771537
2467,0.899870213595315,-0.015283935486303891
2468,0.8999167091719892,-0.012244041533941003
2469,0.8999529355690271,-0.009204007861689924
2470,0.8999788923730401,-0.006163869160152088
2471,0.8999945792878284,-0.003123660121127444
2472,0.8999999961343846,-8.341543721857936e-05
2473,0.8999951428508959,0.0029568301985651644
2474,0.8999800194927441,0.005997042093203586
2475,0.8999546262325058,0.00903718555406151
2476,0.8999189633599499,0.012077225889284678
2477,0.8998730312820347,0.015117128408195625
2478,0.8998168305229027,0.018156858421689542
2479,0.8997503617238753,0.021196381242630125
2480,0.899673625643445,0.024235662186245392
2481,0.8995866231572667,0.027274666570523493
2482,0.899489355258148,0.030313359716608465
2483,0.8993818230560379,0.03335170694919596
2484,0.8992640277780137,0.036389673596928934
2485,0.8991359707682676,0.03942722499279331
2486,0.8989976534880908,0.042464326474513536
2487,0.898849077515857,0.045500943384948166
2488,0.8986902445470047,0.04853704107248529
2489,0.8985211563940178,0.051572584891438025
2490,0.898341814986404,0.05460754020243979
2491,0.898152222370674,0.05764187237283963
2492,0.8979523807103179,0.06067554677709742
2493,0.8977422922857797,0.06370852879717895
2494,0.8975219594944324,0.066740783822951
2495,0.8972913848505496,0.06977227725257625
2496,0.8970505709852775,0.07280297449290815
2497,0.8967995206466047,0.0758328409598857
2498,0.896538236699331,0.07886184207892805
2499,0.8962667221250341,0.08188994328532903
2500,0.8959849800220363,0.08491711002465163
2501,0.8956930136053687,0.0879433077531223
2502,0.8953908262067347,0.09096850193802508
2503,0.8950784212744721,0.09399265805809573
2504,0.8947558023735134,0.09701574160391561
2505,0.8944229731853454,0.10003771807830553
2506,0.8940799375079669,0.10305855299671934
2507,0.8937266992558458,0.10607821188763752
2508,0.8933632624598742,0.10909666029296046
2509,0.8929896312673221,0.11211386376840174
2510,0.8926058099417906,0.11512978788388112
2511,0.8922118028631632,0.11814439822391748
2512,0.8918076145275551,0.12115766038802155
2513,0.891393249547263,0.1241695399910884
2514,0.8909687126507114,0.1271800026637899
2515,0.8905340086823995,0.13018901405296684
2516,0.8900891426028453,0.133196539822021
2517,0.8896341194885294,0.13620254565130696
2518,0.889168944531837,0.13920699723852367
2519,0.8886936230409984,0.14220986029910598
2520,0.8882081604400286,0.1452111005666158
2521,0.8877125622686656,0.14821068379313312
2522,0.8872068341823065,0.15120857574964697
2523,0.8866909819519441,0.15420474222644576
2524,0.8861650114641,0.15719914903350785
2525,0.8856289287207578,0.1601917620008916
2526,0.8850827398392949,0.16318254697912543
2527,0.8845264510524121,0.1661714698395973
2528,0.8839600687080631,0.1691584964749443
2529,0.8833835992693816,0.17214359279944186
2530,0.8827970493146077,0.1751267247493927
2531,0.8822004255370129,0.17810785828351544
2532,0.8815937347448237,0.18108695938333322
2533,0.8809769838611438,0.18406399405356177
2534,0.8803501799238751,0.18703892832249736
2535,0.8797133300856378,0.19001172824240448
2536,0.8790664416136881,0.19298235988990325
2537,0.8784095218898356,0.1959507893663565
2538,0.8777425784103593,0.1989169827982565
2539,0.8770656187859218,0.20188090633761177
2540,0.8763786507414826,0.20484252616233303
2541,0.8756816821162094,0.2078018084766193
2542,0.8749747208633896,0.21075871951134356
2543,0.8742577750503386,0.21371322552443803
2544,0.8735308528583084,0.21666529280127927
2545,0.8727939625823942,0.21961488765507287
2546,0.872047112631439,0.22256197642723785
2547,0.8712903115279387,0.22550652548779082
2548,0.870523567907944,0.22844850123572968
2549,0.8697468905209627,0.231387870099417
2550,0.8689602882298587,0.23432459853696325
2551,0.8681637700107521,0.2372586530366094
2552,0.8673573449529157,0.24019000011710945
2553,0.8665410222586721,0.2431186063281125
2554,0.8657148112432884,0.24604443825054434
2555,0.8648787213348694,0.2489674624969889
2556,0.8640327620742511,0.25188764571206923
2557,0.8631769431148908,0.2548049545728281
2558,0.8623112742227574,0.2577193557891082
2559,0.86143576527622,0.2606308161039323
2560,0.8605504262659349,0.26353930229388234
2561,0.8596552672947321,0.26644478116947884
2562,0.8587502985774992,0.2693472195755596
2563,0.8578355304410658,0.27224658439165794
2564,0.8569109733240848,0.27514284253238064
2565,0.855976637776914,0.2780359609477857
2566,0.8550325344614952,0.2809259066237592
2567,0.8540786741512325,0.2838126465823922
2568,0.85311506773087,0.28669614788235703
